index,start,end,duration,text,发言玩家,发言轮次,Uid,身份,阵营,player 1,player 2,player 3,player 4,player 5,player 6,player 7,player 8,player 9,player 10,player 11,player 12,,
,,,,第一夜,0,0,0_0,法官,,,,,,,,,,,,,,,
,,,,混人、刀人、救人、毒人，验人、开枪状态信息,0,0,0_0,法官,,,混七，好人混,首刀,,验11查杀,,救3,可开枪,刀3,刀3,刀3,刀3,,
,,,,上警信息,0,0,0_0,法官,,1,1,1,1,1,,1,1,1,1,,1,,
,,,,第一夜信息结束,0,0,,,,,,,,,,,,,,,,,
541,1272.97,1273.93,0.96,我是好人呀,10,1,10_1,狼人,,,,,,,,,,,,,,,
542,1273.93,1276.31,2.38,第一个发言嗯,10,1,10_1,狼人,,,,,,,,,,,,,,,
543,1277.24,1278.6,1.36,10号玩9号准备对吧,10,1,10_1,狼人,,,,,,,,,,,,,,,
544,1278.6,1280.02,1.42,9号我觉得有身份吧,10,1,10_1,狼人,,,,,,,,,,,,,,,
545,1280.02,1285.31,5.29,我自己开播看的是一号一号9号也都身份牌,10,1,10_1,狼人,,身份,,,,,,,,身份,,,,,
546,1285.31,1286.71,1.4,6号11号警下,10,1,10_1,狼人,,,,,,,好人,,,,,好人,,,
547,1286.71,1288.41,1.7,我其实觉得都挺像好人的两个人,10,1,10_1,狼人,,,,,,,,,,,,,,,
548,1288.41,1290.71,2.3,所以我觉得预言家应该是能吃到警徽的好吧,10,1,10_1,狼人,,,,,,,,,,,,,,,
549,1291.95,1294.31,2.36,嗯别的就没了呗,10,1,10_1,狼人,,,,,,,,,,,,,,,
550,1294.31,1294.91,0.6,听下发言呗,10,1,10_1,狼人,,,,,,,,,,,,,,,
551,1294.91,1295.31,0.4,好吧,10,1,10_1,狼人,,,,,,,,,,,,,,,
552,1295.31,1297.81,2.5,我就是觉得一号9号有身份好吧,10,1,10_1,狼人,,,,,,,,,,,,,,,
553,1297.81,1298.67,0.86,嗯就这样过了,10,1,10_1,狼人,,,,,,,,,,,,,,,
555,1303.82,1306.1,2.28,我验的三是金水,9,2,9_2,狼人,,,,金水,,,,,,跳预言家,,,,,
556,1306.74,1307.68,0.94,入夜前,9,2,9_2,狼人,,,,,,,,,,,,,,,
557,1307.68,1309.96,2.28,因为我觉得预女猎白混这个板子,9,2,9_2,狼人,,,,,,,,,,,,,,,
558,1309.96,1313.95,3.99,那作为预言家首验查杀的话会好打一点,9,2,9_2,狼人,,,,,,,,,,,,,,,
559,1313.95,1315.91,1.96,所以其实是奔着狼去验的,9,2,9_2,狼人,,,,,,,,,,,,,,,
560,1315.91,1319.56,3.65,3号玩家在入夜之前特意把眼镜摘下来了,9,2,9_2,狼人,,,,,,,,,,,,,,,
561,1319.56,1321.88,2.32,然后在我的抿牌理解里,9,2,9_2,狼人,,,,,,,,,,,,,,,
562,1321.88,1324.3,2.42,就是认为比较偏紧张的表现,9,2,9_2,狼人,,,,,,,,,,,,,,,
563,1324.3,1326.28,1.98,但是验出来是好人,9,2,9_2,狼人,,,,,,,,,,,,,,,
564,1326.98,1329.04,2.06,其实先置位我不太会去盘,9,2,9_2,狼人,,,,,,,,,,,,,,,
565,1329.04,1331.19,2.15,三是混子,9,2,9_2,狼人,,,,,,,,,,,,,,,
566,1331.19,1332.95,1.76,什么狼混这种小概率事件嘛,9,2,9_2,狼人,,,,,,,,,,,,,,,
567,1332.95,1334.59,1.64,就是就先当纯种好人,9,2,9_2,狼人,,,,,,,,,,,,,,,
568,1334.59,1336.49,1.9,因为我还没有听过三的发言嘛,9,2,9_2,狼人,,,,,,,,,,,,,,,
569,1336.49,1339.139,2.649,然后前置位10号上来说,9,2,9_2,狼人,,,,,,,,,,,,,,,
570,1339.139,1341.539,2.4,觉得一号9号有身份,9,2,9_2,狼人,,,,,,,,,,,,,,,
571,1341.539,1342.839,1.3,甚至直接给警下,9,2,9_2,狼人,,,,,,,,,,,,,,,
572,1342.839,1344.85,2.011,6号好人怎么说呢,9,2,9_2,狼人,,,,,,,,,,,,,,,
573,1344.85,1346.87,2.02,我其实不太知道10号是啥,9,2,9_2,狼人,,,,,,,,,,,,,,,
574,1346.87,1348.53,1.66,虽然他给了我好人身份,9,2,9_2,狼人,,,,,,,,,,,,,,,
575,1348.53,1352.05,3.52,他说看的说警下的六和我都比较像好人,9,2,9_2,狼人,,,,,,,,,,,,,,,
576,1352.05,1354.97,2.92,那我其实前置位没有听出来,9,2,9_2,狼人,,,,,,,,,,,,,,,
577,1354.97,1355.73,0.76,11定是好人,9,2,9_2,狼人,,,,,,,,,,,,,,,
578,1355.73,1357.47,1.74,就先警前先进验掉吧,9,2,9_2,狼人,,,,,,,,,,,,,,,
579,1357.47,1358.989,1.519,就把十先进验到,9,2,9_2,狼人,,,,,,,,,,,警徽流1,,,,
580,1358.989,1361.189,2.2,然后可以警下经验一下,9,2,9_2,狼人,,,,,,,,,,,,,,,
581,1361.189,1361.989,0.8,6号玩家,9,2,9_2,狼人,,,,,,,,,,,,,,,
582,1361.989,1362.869,0.88,虽然正常来说,9,2,9_2,狼人,,,,,,,,,,,,,,,
583,1362.869,1364.689,1.82,我们比如说看上票什么的,9,2,9_2,狼人,,,,,,,,,,,,,,,
584,1364.689,1367.71,3.021,大概率就能判断呃6号玩家身份,9,2,9_2,狼人,,,,,,,,,,,,,,,
585,1367.71,1371.83,4.12,但是首先警后置我都可以听发言,9,2,9_2,狼人,,,,,,,,,,,,,,,
586,1371.83,1374.9,3.07,其次是呃6号玩家倒钩的话,9,2,9_2,狼人,,,,,,,,,,,,,,,
587,1374.9,1376.78,1.88,其实我也不太一定能找到,9,2,9_2,狼人,,,,,,,,,,,,,,,
588,1376.78,1379.4,2.62,所以就索性就前置位我就先开验掉对吧,9,2,9_2,狼人,,,,,,,,,,,,,,,
589,1379.4,1380.5,1.1,就10、6顺验,9,2,9_2,狼人,,,,,,,警徽流2,,,,,,,,
590,1380.5,1381.82,1.32,我验的3号玩家金水,9,2,9_2,狼人,,,,,,,,,,,,,,,
592,1387.12,1388.44,1.32,谢谢大哥,8,3,8_3,猎人,,,,,,,,,,,,,,,
593,1388.44,1389.56,1.12,好可爱的透视,8,3,8_3,猎人,,,,,,,,,,,,,,,
594,1389.56,1390.76,1.2,就一个人起跳,8,3,8_3,猎人,,,,,,,,,,,,,,,
595,1390.76,1391.78,1.02,听听后面呗,8,3,8_3,猎人,,,,,,,,,,,,,,,
596,1391.78,1393.16,1.38,打个前高后放吧,8,3,8_3,猎人,,,,,,,,,,,,,,,
597,1393.16,1396.4,3.24,嗯力度在于发的警后金嘛,8,3,8_3,猎人,,,,,,,,,,,,,,,
598,1396.4,1398.36,1.96,就排除三九是两狼的情况下,8,3,8_3,猎人,,,,,,,,,,,,,,,
599,1398.36,1402.049,3.689,但是发言确实好像10号玩家保的不是你吧,8,3,8_3,猎人,,,,,,,,,,,,,,,
600,1402.049,1403.229,1.18,他说一九带身份,8,3,8_3,猎人,,,,,,,,,,,,,,,
601,1403.229,1405.249,2.02,然后说警下6、11会比较像好人,8,3,8_3,猎人,,,,,,,,,,,,,,,
602,1405.249,1406.82,1.571,好像没说过你像好人,8,3,8_3,猎人,,,,,,,,,,,,,,,
603,1406.82,1410.06,3.24,所以这一段好像对于发言不是很仔细,8,3,8_3,猎人,,,,,,,,,,,,,,,
604,1411.43,1412.83,1.4,额扣了一些分吧,8,3,8_3,猎人,,,,,,,,,,扣分,,,,,
605,1412.83,1416.87,4.04,然后警徽流10号六号我也觉得不太同意吧,8,3,8_3,猎人,,,,,,,,,,,,,,,
606,1416.87,1418.29,1.42,你说6号玩家倒钩,8,3,8_3,猎人,,,,,,,,,,,,,,,
607,1418.29,1419.27,0.98,你也不一定找得到,8,3,8_3,猎人,,,,,,,,,,,,,,,
608,1419.27,1420.83,1.56,就不准人家倒钩呗,8,3,8_3,猎人,,,,,,,,,,,,,,,
609,1420.83,1423.86,3.03,倒钩你别玩嗯,8,3,8_3,猎人,,,,,,,,,,,,,,,
610,1423.86,1426.26,2.4,反正就是从警徽流和吞听,8,3,8_3,猎人,,,,,,,,,,,,,,,
611,1426.26,1427.8,1.54,发言的仔细程度上来看,8,3,8_3,猎人,,,,,,,,,,,,,,,
612,1427.8,1429.58,1.78,我觉得有扣分,8,3,8_3,猎人,,,,,,,,,,,,,,,
613,1429.58,1431.21,1.63,反正有扣一些分数,8,3,8_3,猎人,,,,,,,,,,,,,,,
614,1431.21,1433.51,2.3,至于验三的心路历程,8,3,8_3,猎人,,,,,,,,,,,,,,,
615,1433.51,1434.39,0.88,我没注意,8,3,8_3,猎人,,,,,,,,,,,,,,,
616,1434.39,1436.15,1.76,反正但是应该是真的吧,8,3,8_3,猎人,,,,,,,,,,,,,,,
617,1436.15,1437.15,1,这么说了的话,8,3,8_3,猎人,,,,,,,,,,警徽流一般,,,,,
618,1437.15,1439.15,2,你听听3号玩家的发言呗对吧,8,3,8_3,猎人,,,,,,,,,,,,,,,
619,1439.15,1440.11,0.96,3号如果是好人,8,3,8_3,猎人,,,,,,,,,,,,,,,
620,1440.11,1441.07,0.96,九还是有一些力度,8,3,8_3,猎人,,,,,,,,,,,,,,,
621,1441.07,1443.91,2.84,毕竟是警后金没了吧,8,3,8_3,猎人,,,,,,,,,,,,,,,
622,1443.91,1450.15,6.24,警前的10号玩家不知道不太清楚嗯,8,3,8_3,猎人,,,,,,,,,,,,,,,
623,1450.15,1451.29,1.14,因为你看啊,8,3,8_3,猎人,,,,,,,,,,,,,,,
624,1451.29,1451.77,0.48,9号玩家,8,3,8_3,猎人,,,,,,,,,,,,,,,
625,1451.77,1455.279,3.509,你其实可以通过一号玩家听完一的发言,8,3,8_3,猎人,,,,,,,,,,,,,,,
626,1455.279,1456.219,0.94,因为10号玩家说了,8,3,8_3,猎人,,,,,,,,,,,,,,,
627,1456.219,1457.179,0.96,一九都带身份,8,3,8_3,猎人,,,,,,,,,,,,,,,
628,1457.179,1459.639,2.46,那假设一号玩家比如说跟你悍跳,8,3,8_3,猎人,,,,,,,,,,,,,,,
629,1459.639,1461.899,2.26,那么10号的身份是不是也可以往后排一排,8,3,8_3,猎人,,,,,,,,,,,,,,,
630,1461.899,1464.99,3.091,所以我觉得10、6的警徽流真的一般好吧,8,3,8_3,猎人,,,,,,,,,,,,,,,
631,1464.99,1467.15,2.16,嗯播的聊就没什么了,8,3,8_3,猎人,,,,,,,,,,,,,,,
632,1467.15,1468.39,1.24,但你也可以是一个预言家,8,3,8_3,猎人,,,,,,,,,,,,,,,
633,1468.39,1470.27,1.88,就是说存在的这些问题吧,8,3,8_3,猎人,,,,,,,,,,,,,,,
634,1470.27,1471.43,1.16,只是我自己听出来的,8,3,8_3,猎人,,,,,,,,,,,,,,,
635,1471.43,1473.78,2.35,但是并不是说你一定不是嘛,8,3,8_3,猎人,,,,,,,,,,,,,,,
636,1473.78,1476.2,2.42,打个前杠后放警上交一下站边吧,8,3,8_3,猎人,,,,,,,,,,,,,,,
637,1476.2,1478.16,1.96,就这样过了,8,3,8_3,猎人,,,,,,,,,,,,,,,
639,1483.82,1487.7,3.88,其实我觉得九聊验三的心路历程,7,4,7_4,女巫,,,,,,,,,,还可以,,,,,
640,1487.7,1490.3,2.6,我听得还算听懂了吧,7,4,7_4,女巫,,,,,,,,,,,,,,,
641,1490.3,1494.42,4.12,然后9号玩家说他没有听出来十是什么,7,4,7_4,女巫,,,,,,,,,,,,,,,
642,1494.86,1497.62,2.76,暂进验10号警下进验6号,7,4,7_4,女巫,,,,,,,,,,,,,,,
643,1497.62,1499.62,2,我觉得整体还可以啊,7,4,7_4,女巫,,,,,,,,,,,,,,,
644,1499.62,1501.26,1.64,没有很不像,7,4,7_4,女巫,,,,,,,,,,,,,,,
645,1501.26,1504.2,2.94,因为他判断不出10号是什么,7,4,7_4,女巫,,,,,,,,,,,,,,,
646,1504.2,1505.62,1.42,我听完十的发言呢,7,4,7_4,女巫,,,,,,,,,,,,,,,
647,1505.62,1508.34,2.72,10号玩家说一号9号带身份,7,4,7_4,女巫,,,,,,,,,,,,,,,
648,1508.34,1510.85,2.51,6号11号比较像好人,7,4,7_4,女巫,,,,,,,,,,,,,,,
649,1510.92,1512.85,1.93,不是特别像狼吧,7,4,7_4,女巫,,,,,,,,,,,不像狼,,,,
650,1512.85,1515.77,2.92,虽然我开牌看的10号玩家稍微有一点点像狼,7,4,7_4,女巫,,,,,,,,,,,,,,,
651,1515.77,1516.81,1.04,但是听发言呢,7,4,7_4,女巫,,,,,,,,,,,,,,,
652,1516.81,1519.57,2.76,其实他的工作量说一号9号带身份,7,4,7_4,女巫,,,,,,,,,,,,,,,
653,1519.57,1521.36,1.79,说6号11号没有狼,7,4,7_4,女巫,,,,,,,,,,,,,,,
654,1521.36,1522.44,1.08,看着不像狼,7,4,7_4,女巫,,,,,,,,,,,,,,,
655,1522.44,1524.3,1.86,至少11号我看着不是很像狼,7,4,7_4,女巫,,,,,,,,,,,,不像狼,,,
656,1524.3,1527.81,3.51,所以我没有觉得十听完发言很像狼,7,4,7_4,女巫,,,,,,,,,,,,,,,
657,1527.81,1529.77,1.96,然后至于8号玩家,7,4,7_4,女巫,,,,,,,,,,,,,,,
658,1529.77,1534.71,4.94,8号玩家其实点评九的发言是比较仔细的,7,4,7_4,女巫,,,,,,,,,,,,,,,
659,1534.71,1536.94,2.23,我也不觉得8号玩家像狼,7,4,7_4,女巫,,,,,,,,,不像狼,,,,,,
660,1536.94,1539.84,2.9,但是你如果让我在八和十里面觉得谁更好,7,4,7_4,女巫,,,,,,,,,,,,,,,
661,1539.84,1541.82,1.98,那其实10号玩家肯定更不能排水,7,4,7_4,女巫,,,,,,,,,,,,,,,
662,1541.82,1544,2.18,因为必须要更新他之后的发言,7,4,7_4,女巫,,,,,,,,,,,,,,,
663,1544,1545.55,1.55,八比十好一点,7,4,7_4,女巫,,,,,,,,,,,,,,,
664,1545.55,1548.21,2.66,然后至于9号玩家是不是呢,7,4,7_4,女巫,,,,,,,,,,,,,,,
665,1548.21,1550.59,2.38,我目前觉得没有什么太大的问题,7,4,7_4,女巫,,,,,,,,,,,,,,,
666,1550.59,1552.27,1.68,我会听一下后面的发言,7,4,7_4,女巫,,,,,,,,,,,,,,,
667,1552.27,1554.55,2.28,而且万一三号玩家跳了,7,4,7_4,女巫,,,,,,,,,,,,,,,
668,1554.55,1556.15,1.6,那就不用听了对吧,7,4,7_4,女巫,,,,,,,,,,,,,,,
669,1556.15,1557.03,0.88,我是好人,7,4,7_4,女巫,,,,,,,,,,,,,,,
671,1563.36,1564.6,1.24,喂我是预言家,5,5,5_5,预言家,,,,,,跳预言家,,,,,,,,,
672,1564.6,1566.94,2.34,验了11号是查杀,5,5,5_5,预言家,,,,,,,,,,,,查杀,,,
673,1566.94,1568.96,2.02,然后我留一下警徽流吧,5,5,5_5,预言家,,,,,,,,,,,,,,,
674,1568.96,1572.1,3.14,那就3号就是不管3号说什么,5,5,5_5,预言家,,,,警徽流1,,,,,,,,,警徽流,,
675,1572.1,1573.76,1.66,第一警徽流是3号,5,5,5_5,预言家,,,,,,,,,,,,,,,
676,1573.76,1575.22,1.46,32顺验好吧,5,5,5_5,预言家,,,,,,,,,,,,,,,
677,1575.22,1576.7,1.48,警下的牌我觉得我不验了,5,5,5_5,预言家,,,,,,,,,,,,,,,
678,1576.7,1579.01,2.31,因为还剩一个是6号嘛,5,5,5_5,预言家,,,,,,,,,,,,,,,
679,1579.01,1580.27,1.26,我是这样想的,5,5,5_5,预言家,,,,,,,,,,,,,,,
680,1580.27,1583.03,2.76,我觉得我觉得9号是混血儿的概率低,5,5,5_5,预言家,,,,,,,,,,,,,,,
681,1583.03,1584.23,1.2,因为你假设是混血儿,5,5,5_5,预言家,,,,,,,,,,,,,,,
682,1584.23,1585.6,1.37,你混3号,5,5,5_5,预言家,,,,,,,,,,,,,,,
683,1585.6,1589.36,3.76,除了你看到你看到我今天跟他表白了,5,5,5_5,预言家,,,,,,,,,,,,,,,
684,1589.36,1591.44,2.08,你你也是想跟她表白一下嘛,5,5,5_5,预言家,,,,,,,,,,,,,,,
685,1591.44,1593.48,2.04,所以我觉得他他如果是一个混血儿,5,5,5_5,预言家,,,,,,,,,,,,,,,
686,1593.48,1595.88,2.4,理论上是不太会去混3号的,5,5,5_5,预言家,,,,,,,,,,,,,,,
687,1595.88,1597.4,1.52,那么我觉得如果外置位,5,5,5_5,预言家,,,,,,,,,,,,,,,
688,1597.4,1600.24,2.84,没有那个其他的那个榜样的目标,5,5,5_5,预言家,,,,,,,,,,,,,,,
689,1600.24,1603.54,3.3,应该不太会说跳一个预言家给3号发金水,5,5,5_5,预言家,,,,,,,,,,,,,,,
690,1603.54,1606.02,2.48,所以我觉得你应该是完整的起跳,5,5,5_5,预言家,,,,,,,,,,,,,,,
691,1606.02,1608.5,2.48,就是悍跳狼的概率会比较大,5,5,5_5,预言家,,,,,,,,,,,,,,,
692,1608.5,1610.86,2.36,然后我自己觉得那个7号八号,5,5,5_5,预言家,,,,,,,,,,,,,,,
693,1610.86,1612.12,1.26,10号里面呢,5,5,5_5,预言家,,,,,,,,,,,,,,,
694,1612.12,1615.82,3.7,10号的发言我并不是非常的怀疑,5,5,5_5,预言家,,,,,,,,,,,还可以,,,,
695,1615.82,1617.55,1.73,如果10号是一个狼,5,5,5_5,预言家,,,,,,,,,,,,,,,
696,1617.55,1620.67,3.12,那么就是6、11是双匪的概率会比较大,5,5,5_5,预言家,,,,,,,,,,,,,,,
697,1620.67,1623.86,3.19,因为他说那个他看警下好人比较多,5,5,5_5,预言家,,,,,,,,,,,,,,,
698,1623.86,1626,2.14,然后有可能预言家会有警徽,5,5,5_5,预言家,,,,,,,,,,,,,,,
699,1626,1628.1,2.1,我已知11号是查杀,5,5,5_5,预言家,,,,,,,,,,,,,,,
700,1628.1,1629.18,1.08,那么你是一个狼,5,5,5_5,预言家,,,,,,,,,,,,,,,
701,1629.18,1629.74,0.56,只有两种,5,5,5_5,预言家,,,,,,,,,,,,,,,
702,1629.74,1631.46,1.72,可能就是6号和你,5,5,5_5,预言家,,,,,,,,,,,,,,,
703,1631.46,1632.92,1.46,还有11号是三个狼,5,5,5_5,预言家,,,,,,,,,,,,,,,
704,1632.92,1634.4,1.48,或者说第二种情况,5,5,5_5,预言家,,,,,,,,,,,,,,,
705,1634.4,1635.2,0.8,你是狼的情况,5,5,5_5,预言家,,,,,,,,,,,,,,,
706,1635.2,1636.4,1.2,就是你认识11号,5,5,5_5,预言家,,,,,,,,,,,,,,,
707,1636.4,1637.72,1.32,那么你也不防守6号,5,5,5_5,预言家,,,,,,,,,,,,,,,
708,1637.72,1639.72,2,我觉得这种概率比较小,5,5,5_5,预言家,,,,,,,,,,,,,,,
709,1639.72,1642.959,3.239,就是假设假设你和11号是两个狼的格式,5,5,5_5,预言家,,,,,,,,,,,,,,,
710,1642.959,1645.659,2.7,就是让11号在警下投倒钩票,5,5,5_5,预言家,,,,,,,,,,,,,,,
711,1645.659,1647.4,1.741,然后6号是一张白牌,5,5,5_5,预言家,,,,,,,,,,,,,,,
712,1647.4,1649.42,2.02,10号才能做成一张红狼,5,5,5_5,预言家,,,,,,,,,,,,,,,
713,1649.42,1652.909,3.489,我自己呢觉得10号是好好人的概率比较高,5,5,5_5,预言家,,,,,,,,,,,,,,,
714,1652.909,1655.909,3,8号的发言内容是质疑过9号的,5,5,5_5,预言家,,,,,,,,,,,,,,,
715,1655.909,1658.92,3.011,如果我定义9号就是一个跟我对跳的话,5,5,5_5,预言家,,,,,,,,,,,,,,,
716,1658.92,1661.06,2.14,我觉得八和九不太认识,5,5,5_5,预言家,,,,,,,,,,,,,,,
717,1661.06,1665.11,4.05,所以呢如果要产生9号的同伴应该是7号,5,5,5_5,预言家,,,,,,,,,,,,,,,
718,1665.11,1666.63,1.52,但是7号我不太确定,5,5,5_5,预言家,,,,,,,,,,,,,,,
719,1666.63,1669.29,2.66,因为七好像有Q过三对吧,5,5,5_5,预言家,,,,,,,,,,,,,,,
720,1669.29,1671.74,2.45,我觉得假设7号认识9号呢,5,5,5_5,预言家,,,,,,,,,,,,,,,
721,1671.74,1673.56,1.82,他也有可能就就是三,5,5,5_5,预言家,,,,,,,,,,,,,,,
722,1673.56,1675.98,2.42,七里面只可能产生一张红狼牌,5,5,5_5,预言家,,,,,,,,,,,,,,,
723,1675.98,1677.58,1.6,就是他不认识9号,5,5,5_5,预言家,,,,,,,,,,,,,,,
724,1677.58,1678.34,0.76,不认识3号,5,5,5_5,预言家,,,,,,,,,,,,,,,
725,1678.34,1680.01,1.67,7号才会防守3号,5,5,5_5,预言家,,,,,,,,,,,,,,,
726,1680.01,1683.57,3.56,那么我认为假设产两匪就是七九双匪或者7号,5,5,5_5,预言家,,,,,,,,,,,,,,,
727,1683.57,1683.91,0.34,8号,5,5,5_5,预言家,,,,,,,,,,,,,,,
728,1683.91,1685.63,1.72,10号是三张白牌,5,5,5_5,预言家,,,,,,,,,,,,,,,
729,1685.63,1686.61,0.98,那么这个时候呢,5,5,5_5,预言家,,,,,,,,,,,,,,,
730,1686.61,1689.57,2.96,就是从4号开始倒叙的这个区域,5,5,5_5,预言家,,,,,,,,,,,,,,,
731,1689.57,1692.21,2.64,4~12的区域要产两到三匪,5,5,5_5,预言家,,,,,,,,,,,,,,,
732,1692.21,1695.08,2.87,大家稍微那个表一下水啊好吧,5,5,5_5,预言家,,,,,,,,,,,,,,,
733,1695.08,1696.64,1.56,所以因为我比较质疑,5,5,5_5,预言家,,,,,,,,,,,,,,,
734,1696.64,1698.48,1.84,那个从4号到12号的区域,5,5,5_5,预言家,,,,,,,,,,,,,,,
735,1698.48,1701.88,3.4,我的警徽流就是先3号后12号,5,5,5_5,预言家,,,,,,,,,,,,,,,
736,1701.88,1703.92,2.04,因为3号是给9号发金水的,5,5,5_5,预言家,,,,,,,,,,,,,,,
737,1703.92,1706.88,2.96,且7号点过3号有可能会反水立警,5,5,5_5,预言家,,,,,,,,,,,,,,,
738,1706.88,1708.74,1.86,我就优先验一下3号,5,5,5_5,预言家,,,,,,,,,,,,,,,
739,1708.74,1710.44,1.7,然后再验一下12号,5,5,5_5,预言家,,,,,,,,,,,,,,,
740,1710.44,1712.5,2.06,那么我说一下我为什么验11号,5,5,5_5,预言家,,,,,,,,,,,,,,,
741,1712.5,1716.64,4.14,因为我自己的视角盲区是4号和11号,5,5,5_5,预言家,,,,,,,,,,,,,,,
742,1716.64,1717.6,0.96,还有12号,5,5,5_5,预言家,,,,,,,,,,,,,,,
743,1717.6,1720.04,2.44,12号呢我是不太想首验他的,5,5,5_5,预言家,,,,,,,,,,,,,,,
744,1720.04,1722.32,2.28,那么4号我觉得位置上不是很好,5,5,5_5,预言家,,,,,,,,,,,,,,,
745,1722.32,1724.1,1.78,如果是查杀是无所谓的,5,5,5_5,预言家,,,,,,,,,,,,,,,
746,1724.1,1726.26,2.16,如果是一个金水的话,5,5,5_5,预言家,,,,,,,,,,,,,,,
747,1726.26,1729.33,3.07,我自己觉得发牌的话,5,5,5_5,预言家,,,,,,,,,,,,,,,
748,1729.33,1733.62,4.29,6号七号八号是三匪的概率是比较小的,5,5,5_5,预言家,,,,,,,,,,,,,,,
749,1733.62,1735.66,2.04,那么我如果验4号是金水,5,5,5_5,预言家,,,,,,,,,,,,,,,
750,1735.66,1739.11,3.45,我势必要让678这个区域的好人先发言,5,5,5_5,预言家,,,,,,,,,,,,,,,
751,1739.11,1740.97,1.86,我呢不是不相信4号,5,5,5_5,预言家,,,,,,,,,,,,,,,
752,1740.97,1744.52,3.55,我也想听一下678里面好人给我的归票意见,5,5,5_5,预言家,,,,,,,,,,,,,,,
753,1744.52,1746.2,1.68,所以我就没有查验4号,5,5,5_5,预言家,,,,,,,,,,,,,,,
754,1746.2,1748.52,2.32,我就优先验了一下对置位的11号,5,5,5_5,预言家,,,,,,,,,,,,,,,
755,1748.52,1749.61,1.09,因为我看不见他,5,5,5_5,预言家,,,,,,,,,,,,,,,
756,1749.61,1750.85,1.24,11号查杀啊,5,5,5_5,预言家,,,,,,,,,,,,,,,
757,1750.85,1752.23,1.38,我的警徽流是3号,5,5,5_5,预言家,,,,,,,,,,,,,,,
758,1752.23,1756.12,3.89,12号顺验过,5,5,5_5,预言家,,,,,,,,,,,,,,,
759,1756.4,1757.24,0.84,我站九,4,6,4_6,平民,,,,,,,,,,站九,,,,,
760,1757.24,1758.54,1.3,我觉得九是预言家,4,6,4_6,平民,,,,,,,,,,,不是狼,,,,
761,1758.54,1760.18,1.64,我觉得10号玩家不是狼,4,6,4_6,平民,,,,,,,,,,,,,,,
762,1760.18,1761.13,0.95,10号玩家,4,6,4_6,平民,,,,,,,,,,,,,,,
763,1761.13,1762.39,1.26,首先10号人的发言,4,6,4_6,平民,,,,,,,,,,,,,,,
764,1762.39,1764.19,1.8,他不是一个小狼,4,6,4_6,平民,,,,,,,,,,,,,,,
765,1764.19,1765.31,1.12,那他可以是大哥,4,6,4_6,平民,,,,,,,,,,,,,,,
766,1765.31,1767.07,1.76,但我们这个板子中没有大哥,4,6,4_6,平民,,,,,,,,,,,,,,,
767,1767.07,1767.89,0.82,没有大哥,4,6,4_6,平民,,,,,,,,,,,,,,,
768,1767.89,1768.929,1.039,他就是平民,4,6,4_6,平民,,,,,,,,,,,,,,,
769,1768.929,1769.569,0.64,9号玩家,4,6,4_6,平民,,,,,,,,,,,,,,,
770,1769.569,1770.289,0.72,我觉得是预言家,4,6,4_6,平民,,,,,,,,,,,,,,,
771,1770.289,1773.089,2.8,9号玩家发言就是完全的9号玩家的预言家,4,6,4_6,平民,,,,,,,,,,,,,,,
772,1773.089,1774.109,1.02,那么三就是金水,4,6,4_6,平民,,,,,,,,,,,,,,,
773,1774.109,1775.129,1.02,不管他是他,4,6,4_6,平民,,,,,,,,,,,,,,,
774,1775.129,1775.929,0.8,不管他是不是混,4,6,4_6,平民,,,,,,,,,,,,,,,
775,1775.929,1777.24,1.311,他底牌是个好人,4,6,4_6,平民,,,,,,,,,,,,,,,
776,1777.24,1778.5,1.26,90有两张好人,4,6,4_6,平民,,,,,,,,,,,,,,,
777,1778.5,1780.84,2.34,8号玩家打九八玩家其实是打九的,4,6,4_6,平民,,,,,,,,,,,,,,,
778,1780.84,1782.6,1.76,我认8号玩家应该是好人,4,6,4_6,平民,,,,,,,,,好人,,,,,,
779,1782.6,1783.92,1.32,没必要扣预言家分,4,6,4_6,平民,,,,,,,,,,,,,,,
780,1783.92,1784.52,0.6,干嘛呢,4,6,4_6,平民,,,,,,,,,,,,,,,
781,1784.52,1785.38,0.86,直接跳呗,4,6,4_6,平民,,,,,,,,,,,,,,,
782,1785.38,1785.84,0.46,对不八,4,6,4_6,平民,,,,,,,,,,,,,,,
783,1785.84,1786.9,1.06,人家不是不能跳,4,6,4_6,平民,,,,,,,,,,,,,,,
784,1786.9,1787.98,1.08,7号玩家站九,4,6,4_6,平民,,,,,,,,,,,,,,,
785,1787.98,1789.08,1.1,我觉得七可以是好人,4,6,4_6,平民,,,,,,,,好人,,,,,,,
786,1789.08,1790.42,1.34,789是四连好人,4,6,4_6,平民,,,,,,,,,,,,好人,,,
787,1790.42,1792.45,2.03,两头六跟11进一张狼,4,6,4_6,平民,,,,,,,,,,,,,,,
788,1792.45,1794.53,2.08,因为5号玩家是给11发杀的,4,6,4_6,平民,,,,,,,,,,,,,,,
789,1794.53,1796.37,1.84,那么11号玩家有可能是好人,4,6,4_6,平民,,,,,,,,,,,,,,,
790,1796.37,1797.77,1.4,我们不知道狼队格式对不对,4,6,4_6,平民,,,,,,,,,,,,,,,
791,1797.77,1798.98,1.21,看6号玩家站边呗,4,6,4_6,平民,,,,,,,,,,,,,,,
792,1798.98,1799.38,0.4,对不对,4,6,4_6,平民,,,,,,,,,,,,,,,
793,1799.38,1800.52,1.14,6号玩家如果有身份,4,6,4_6,平民,,,,,,,,,,,,,,,
794,1800.52,1801.4,0.88,我就再调整,4,6,4_6,平民,,,,,,,,,,,,,,,
795,1801.4,1803.04,1.64,如果没有身份站的是狼边,4,6,4_6,平民,,,,,,,,,,,,,,,
796,1803.04,1804.92,1.88,再看我觉得桃子是悍跳,4,6,4_6,平民,,,,,,,,,,,,,,,
797,1804.92,1806.56,1.64,其实我没有听出来桃子一定是狼,4,6,4_6,平民,,,,,,,,,,,,,,,
798,1806.56,1808.08,1.52,但我觉得9号玩家是个预言家,4,6,4_6,平民,,,,,,,,,,,,,,,
799,1808.08,1809.49,1.41,我自己是个好人,4,6,4_6,平民,,,,,,,,,,,,,,,
800,1809.49,1811.43,1.94,那3号玩家是个金水,4,6,4_6,平民,,,,,,,,,,,,,,,
801,1811.43,1816.55,5.12,所以十2、1、2这边的格局大概就是我的判断,4,6,4_6,平民,,,,,,,,,,,,,,,
802,1816.55,1818.65,2.1,大概是一二中可能有一个狼,4,6,4_6,平民,,,,,,,,,,,,,,,
803,1818.65,1819.83,1.18,一二中可能有一个狼,4,6,4_6,平民,,,,,,,,,,,,,,,
804,1819.83,1821.97,2.14,12号玩家可能占一个位置啊,4,6,4_6,平民,,,,,,,,,,,,,,,
805,1821.97,1823.01,1.04,给大卫些压力呗,4,6,4_6,平民,,,,,,,,,,,,,,,
806,1823.01,1823.49,0.48,无所谓的,4,6,4_6,平民,,,,,,,,,,,,,,,
807,1823.49,1824.47,0.98,如果大卫是个好人,4,6,4_6,平民,,,,,,,,,,,,,,,
808,1824.47,1825.99,1.52,把一二打进狼坑可以的,4,6,4_6,平民,,,,,,,,,,,,,,,
809,1825.99,1828.79,2.8,因为起牌我就觉得123这边狼挺多的,4,6,4_6,平民,,可能是狼,可能是狼,,,,,,,,,,可能是狼,,
810,1828.79,1831.17,2.38,三阶金水我们给到一二压力好吧,4,6,4_6,平民,,,,,,,,,,,,,,,
811,1831.17,1833.71,2.54,其实我认为9号玩家预言家是很难打动的,4,6,4_6,平民,,,,,,,,,,,,,,,
812,1833.71,1834.49,0.78,道理很简单,4,6,4_6,平民,,,,,,,,,,,,,,,
813,1834.49,1836.49,2,9号玩家预言家非常朴实无华,4,6,4_6,平民,,,,,,,,,,,,,,,
814,1836.49,1837.63,1.14,没有任何装饰,4,6,4_6,平民,,,,,,,,,,,,,,,
815,1837.63,1838.77,1.14,没有任何修饰,4,6,4_6,平民,,,,,,,,,,,,,,,
816,1838.77,1840.25,1.48,就是一个简简单单,4,6,4_6,平民,,,,,,,,,,,,,,,
817,1840.25,1841.29,1.04,我是预言家,4,6,4_6,平民,,,,,,,,,,,,,,,
818,1841.29,1844.31,3.02,这种悍跳如果想要队友给他冲锋,4,6,4_6,平民,,,,,,,,,,,,,,,
819,1844.31,1846.01,1.7,队友要很用力,4,6,4_6,平民,,,,,,,,,,,,,,,
820,1846.01,1847.27,1.26,9号玩家能是混吗,4,6,4_6,平民,,,,,,,,,,,,,,,
821,1847.27,1847.79,0.52,不是混,4,6,4_6,平民,,,,,,,,,,,,,,,
822,1847.79,1849.37,1.58,因为9号玩家如果是混,4,6,4_6,平民,,,,,,,,,,,,,,,
823,1849.37,1850.77,1.4,他跟狼是一样的工作,4,6,4_6,平民,,,,,,,,,,,,,,,
824,1850.77,1851.45,0.68,没有工作,4,6,4_6,平民,,,,,,,,,,,,,,,
825,1851.45,1853.92,2.47,所以9号玩家我觉得就是独立识别的预言家,4,6,4_6,平民,,,,,,,,,,,,,,,
826,1853.92,1855,1.08,站边9号,4,6,4_6,平民,,,,,,,,,,,,,,,
827,1855,1856.8,1.8,然后10号玩家稍微多聊一下,4,6,4_6,平民,,,,,,,,,,,,,,,
828,1856.8,1857.96,1.16,10号玩家起手,4,6,4_6,平民,,,,,,,,,,,,,,,
829,1857.96,1858.88,0.92,他能不能是狼呢,4,6,4_6,平民,,,,,,,,,,,,,,,
830,1858.88,1859.36,0.48,可以是狼,4,6,4_6,平民,,,,,,,,,,,,,,,
831,1859.36,1860.62,1.26,那就是划水狼呗,4,6,4_6,平民,,,,,,,,,,,,,,,
832,1860.62,1862.62,2,划水狼划的很没水平啊,4,6,4_6,平民,,,,,,,,,,,,,,,
833,1862.62,1863.48,0.86,张扬对吧,4,6,4_6,平民,,,,,,,,,,,,,,,
834,1863.48,1866.74,3.26,我觉得张扬就是没信息的好人面居高,4,6,4_6,平民,,,,,,,,,,,好人,,,,
835,1866.74,1867.66,0.92,所以他是平民,4,6,4_6,平民,,,,,,,,,,,,,,,
836,1867.66,1871.13,3.47,更像或者他他也做不成什么吃刀女巫之类的,4,6,4_6,平民,,,,,,,,,,,,,,,
837,1871.13,1873.16,2.03,识别为好人好,4,6,4_6,平民,,,,,,,,,,,,,,,
838,1873.16,1874.6,1.44,那大概格局是这样,4,6,4_6,平民,,,,,,,,,,,,,,,
839,1874.6,1875.08,0.48,可以错吗,4,6,4_6,平民,,,,,,,,,,,,,,,
840,1875.08,1875.58,0.5,可以错,4,6,4_6,平民,,,,,,,,,,,,,,,
841,1875.58,1877.32,1.74,但是如果九是预言家,4,6,4_6,平民,,,,,,,,,,,,,,,
842,1877.32,1879.32,2,789十这边就是多好人,4,6,4_6,平民,,,,,,,,,,,,,,,
843,1879.32,1882.02,2.7,那么格局大格局还是不会有什么大问题的啊,4,6,4_6,平民,,,,,,,,,,,,,,,
844,1882.02,1883.52,1.5,桃子的发言呃,4,6,4_6,平民,,,,,,,,,,,,,,,
845,1883.52,1884.52,1,也完成了起跳,4,6,4_6,平民,,,,,,,,,,,,,,,
846,1884.52,1885.08,0.56,对不对,4,6,4_6,平民,,,,,,,,,,,,,,,
847,1885.08,1887.45,2.37,总体来说打的软一些呃,4,6,4_6,平民,,,,,,,,,,,,,,,
848,1887.45,1889.07,1.62,我别的没别的意见没什么了,4,6,4_6,平民,,,,,,,,,,,,,,,
849,1889.07,1891.19,2.12,就看后三位跟我有什么意见上冲突吗,4,6,4_6,平民,,,,,,,,,,,,,,,
850,1891.19,1892.59,1.4,我觉得是占九,4,6,4_6,平民,,,,,,,,,,,,,,,
851,1892.59,1894.59,2,我觉得如果鹏鹏是好人,4,6,4_6,平民,,,,,,,,,,,,,,,
852,1894.59,1896.42,1.83,不能识别不出九吧,4,6,4_6,平民,,,,,,,,,,,,,,,
853,1896.42,1897.7,1.28,应该能识别出吧,4,6,4_6,平民,,,,,,,,,,,,,,,
854,1897.7,1898.06,0.36,对不对,4,6,4_6,平民,,,,,,,,,,,,,,,
855,1898.06,1900.26,2.2,毕竟天天跟九打好,4,6,4_6,平民,,,,,,,,,,,,,,,
856,1900.26,1901.9,1.64,那彭彭如果是狼,4,6,4_6,平民,,,,,,,,,,,,,,,
857,1901.9,1905.23,3.33,似乎只能勾一勾,4,6,4_6,平民,,,,,,,,,,,,,,,
858,1905.23,1906.29,1.06,只能勾一勾对吧,4,6,4_6,平民,,,,,,,,,,,,,,,
859,1907.53,1909.82,2.29,呃再确定一下,4,6,4_6,平民,,,,,,,,,,,,,,,
860,1909.82,1910.9,1.08,要说九是悍跳,4,6,4_6,平民,,,,,,,,,,,,,,,
861,1910.9,1911.82,0.92,我认不下来,4,6,4_6,平民,,,,,,,,,,,,,,,
862,1911.82,1913.4,1.58,他退水我也认不下来,4,6,4_6,平民,,,,,,,,,,,,,,,
863,1913.4,1916.2,2.8,所以他只能是跳的预言家,4,6,4_6,平民,,,,,,,,,,,,,,,
864,1916.2,1920.54,4.34,就这样过,4,6,4_6,平民,,,,,,,,,,,,,,,
865,1921.46,1922.74,1.28,9号如果是混,3,7,3_7,平民,,,,,,,,,,,,,,,
866,1922.74,1924.04,1.3,你就退水,3,7,3_7,平民,,,,,,,,,,,,,,,
867,1924.04,1925.62,1.58,如果你刚在警上对吧,3,7,3_7,平民,,,,,,,,,,,,,,,
868,1925.62,1927.3,1.68,你就继续继续刚呗,3,7,3_7,平民,,,,,,,,,,,,,,,
869,1927.3,1929.32,2.02,因为我是好人牌,3,7,3_7,平民,,,,,,,,,,,,,,,
870,1929.56,1931.66,2.1,4号我觉得你太笃定了吧,3,7,3_7,平民,,,,,,,,,,,,,,,
871,1931.66,1934.84,3.18,就听完5号发言也不听他警上后置金水,3,7,3_7,平民,,,,,,,,,,,,,,,
872,1934.84,1935.48,0.64,也不听一下,3,7,3_7,平民,,,,,,,,,,,,,,,
873,1935.48,1936.59,1.11,11号发言,3,7,3_7,平民,,,,,,,,,,,,,,,
874,1936.59,1938.55,1.96,直接就说9号肯定冤家,3,7,3_7,平民,,,,,,,,,,,,,,,
875,1939.83,1941.07,1.24,4号我觉得太笃定了,3,7,3_7,平民,,,,,,,,,,,,,,,
876,1941.07,1943.17,2.1,笃定都不是很像一个狼,3,7,3_7,平民,,,,,,,,,,,,,,,
877,1943.17,1943.81,0.64,你知道吧,3,7,3_7,平民,,,,,,,,,,,,,,,
878,1943.81,1945.45,1.64,笃定的不是很像一个狼,3,7,3_7,平民,,,,,混,,,,,,,,,,
879,1945.45,1947.73,2.28,我甚至考虑你有没有可能是一个混,3,7,3_7,平民,,,,,,,,,,,,,,,
880,1947.73,1949.77,2.04,因为很难听完5号发言,3,7,3_7,平民,,,,,,,,,,,,,,,
881,1949.77,1952.23,2.46,不听9号警上后置金水发言,3,7,3_7,平民,,,,,,,,,,,,,,,
882,1952.23,1954.75,2.52,以及9号五九那个5号的警下查杀,3,7,3_7,平民,,,,,,,,,,,,,,,
883,1954.75,1957.17,2.42,11号发言直接选择all in站边,3,7,3_7,平民,,,,,,,,,,,,,,,
884,1957.17,1959.99,2.82,所以没觉得四底牌一定是红狼牌,3,7,3_7,平民,,,,,不一定是狼,,,,,,,,,,
885,1959.99,1962.81,2.82,我觉得11很像狼牌呀,3,7,3_7,平民,,,,,,,,,,,,像狼,,,
886,1963.51,1964.55,1.04,就如果九是预言家,3,7,3_7,平民,,,,,,,,,,,,,,,
887,1964.55,1966.72,2.17,我都觉得他们是不是狼踩狼了呀,3,7,3_7,平民,,,,,,,,,,,,,,,
888,1966.72,1968.78,2.06,所以我是要听一下的,3,7,3_7,平民,,,,,,,,,,,,,,,
889,1968.78,1970.68,1.9,因为9号在给我发金水,3,7,3_7,平民,,,,,,,,,,,,,,,
890,1970.68,1973.02,2.34,我觉得那个细节很像预言家呀,3,7,3_7,平民,,,,,,,,,,很像,,,,,
891,1973.02,1974.94,1.92,我确实对吧,3,7,3_7,平民,,,,,,,,,,,,,,,
892,1974.94,1976.82,1.88,看完牌入夜,3,7,3_7,平民,,,,,,,,,,,,,,,
893,1976.82,1980.26,3.44,先把我这个没有镜片的眼镜先摘掉对吧,3,7,3_7,平民,,,,,,,,,,,,,,,
894,1980.26,1981.3,1.04,所以他观察到这一点,3,7,3_7,平民,,,,,,,,,,,,,,,
895,1981.3,1982.6,1.3,我觉得有点细,3,7,3_7,平民,,,,,,,,,,,,,,,
896,1982.6,1984.84,2.24,包括我坐4号旁边,3,7,3_7,平民,,,,,,,,,,,,,,,
897,1984.84,1985.92,1.08,4号今天开拍前,3,7,3_7,平民,,,,,,,,,,,,,,,
898,1985.92,1988.44,2.52,对我们2号三号这位置讲了句话,3,7,3_7,平民,,,,,,,,,,,,,,,
899,1988.44,1990.57,2.13,他说今天9号是幸运数字,3,7,3_7,平民,,,,,,,,,,,,,,,
900,1990.57,1991.69,1.12,非常的幸运,3,7,3_7,平民,,,,,,,,,,,,,,,
901,1993.29,1994.29,1,所以他在聊这个时候,3,7,3_7,平民,,,,,,,,,,,,,,,
902,1994.29,1997.83,3.54,我就觉得4号有没有一种可能,3,7,3_7,平民,,,,,,,,,,,,,,,
903,1997.83,1998.99,1.16,比如说你是一个混血,3,7,3_7,平民,,,,,,,,,,,,,,,
904,1998.99,1999.93,0.94,而你混了9号,3,7,3_7,平民,,,,,,,,,,,,,,,
905,1999.93,2000.99,1.06,所以我听一下吧,3,7,3_7,平民,,,,,,,,,,,,,,,
906,2000.99,2004.299,3.309,只要5号这个发查杀的感觉比较有冲击力,3,7,3_7,平民,,,,,,,,,,,,,,,
907,2004.299,2004.859,0.56,你知道吧,3,7,3_7,平民,,,,,,,,,,,,,,,
908,2004.859,2006.059,1.2,警下就两张牌,3,7,3_7,平民,,,,,,,,,,,,,,,
909,2006.059,2007.76,1.701,先甩一记查杀,3,7,3_7,平民,,,,,,,,,,,,,,,
910,2007.76,2009.04,1.28,所以我要听一下,3,7,3_7,平民,,,,,,,,,,,,,,,
911,2009.04,2010.14,1.1,先先自断一臂,3,7,3_7,平民,,,,,,,,,,,,,,,
912,2010.14,2011.2,1.06,警下总共两张牌,3,7,3_7,平民,,,,,,,,,,,,,,,
913,2011.2,2012.54,1.34,先把11查杀了,3,7,3_7,平民,,,,,,,,,,,,,,,
914,2012.54,2014.47,1.93,所以我可以听一下的啊,3,7,3_7,平民,,,,,,,,,,,,,,,
915,2014.47,2016.31,1.84,反正我自己听出来的结论就是,3,7,3_7,平民,,,,,,,,,,,,,,,
916,2016.31,2019.26,2.95,我觉得4号不是很像红狼牌啊,3,7,3_7,平民,,,,,,,,,,,,,,,
917,2019.26,2021.7,2.44,然后九跟五我其实觉得发言都还可以,3,7,3_7,平民,,,,,,都还可以,,,,还可以,,,,,
918,2021.7,2023.1,1.4,因为九在高这发言嘛,3,7,3_7,平民,,,,,,,,,,,,,,,
919,2023.1,2026.409,3.309,但我自己觉得11号接查杀很像一个狼牌,3,7,3_7,平民,,,,,,,,,,,,,,,
920,2026.649,2027.609,0.96,至于7号,3,7,3_7,平民,,,,,,,,,,,,,,,
921,2027.609,2029.089,1.48,8号以及10号的关系,3,7,3_7,平民,,,,,,,,,,,,,,,
922,2029.089,2031.1,2.011,其实我觉得七还可以,3,7,3_7,平民,,,,,,,,还可以,,,,,,,
923,2031.1,2032.9,1.8,我自己觉得七还可以,3,7,3_7,平民,,,,,,,,,,,,,,,
924,2032.9,2034.7,1.8,其他的身份我警下再给吧,3,7,3_7,平民,,,,,,,,,,,,,,,
925,2034.7,2036.22,1.52,反正我是好人牌,3,7,3_7,平民,,,,,,,,,,,,,,,
927,2041.22,2043.7,2.48,3号听着确实比较像好人吧,2,8,2_8,混血儿,,,,像好人,,,,,,,,,,,
928,2043.7,2045.54,1.84,因为3号都说如果站边,2,8,2_8,混血儿,,,,,,,,,,,,,,,
929,2045.54,2046.82,1.28,9号都有可能狼查狼,2,8,2_8,混血儿,,,,,,,,,,,,,,,
930,2046.82,2048.67,1.85,你觉得11怎么能是狼对吧,2,8,2_8,混血儿,,,,,,,,,,,,,,,
931,2048.67,2050.83,2.16,所以我觉得三的发言还比较像好,2,8,2_8,混血儿,,,,,,,,,,,,,,,
932,2050.83,2052.929,2.099,因为我也觉得四有可能是混子呀,2,8,2_8,混血儿,,,,,混子,,,,,,,,,,
933,2052.929,2054.83,1.901,直接all in站边吗,2,8,2_8,混血儿,,,,,,,,,,,,,,,
934,2054.83,2055.77,0.94,真的假的,2,8,2_8,混血儿,,,,,,,,,,,,,,,
935,2055.77,2057.399,1.629,11发言不用听啦,2,8,2_8,混血儿,,,,,,,,,,,,,,,
936,2057.399,2062.05,4.651,所以4号可能四可以是混子呀对吧,2,8,2_8,混血儿,,,,,,,,,,,,,,,
937,2062.05,2062.889,0.839,就混了9号,2,8,2_8,混血儿,,,,,,,,,,,,,,,
938,2062.889,2064.09,1.201,包括3号聊的是,2,8,2_8,混血儿,,,,,,,,,,,,,,,
939,2064.09,2066.659,2.569,甚至他混9号的这个号码都说出来了,2,8,2_8,混血儿,,,,,,,,,,,,,,,
940,2066.659,2069.018,2.359,因为开牌前4号说9号是幸运位置,2,8,2_8,混血儿,,,,,,,,,,,,,,,
941,2069.018,2070.559,1.541,所以他有可能混9号的,2,8,2_8,混血儿,,,,,,,,,,,,,,,
942,2070.559,2073.32,2.761,所以我觉得三的想法跟我比较相像吧,2,8,2_8,混血儿,,,,,,,,,,,,,,,
943,2073.32,2075.12,1.8,那肯定要听一轮11的发言,2,8,2_8,混血儿,,,,,,,,,,,,,,,
944,2075.12,2076.26,1.14,再决定站边呀,2,8,2_8,混血儿,,,,,,,,,,,,,,,
945,2076.26,2078.96,2.7,目前5号九号我觉得都还有面吧,2,8,2_8,混血儿,,,,,,有面,,,,都有面,,,,,
946,2078.96,2082.559,3.599,首先9号其实发言问题我觉得8号有聊过,2,8,2_8,混血儿,,,,,,,,,,,,,,,
947,2082.559,2085.079,2.52,确实是比如说你为什么非要去验6号,2,8,2_8,混血儿,,,,,,,,,,,,,,,
948,2085.079,2087.879,2.8,11号就是正常六跟11肯定优先进验,2,8,2_8,混血儿,,,,,,,,,,,,,,,
949,2087.879,2088.279,0.4,11号,2,8,2_8,混血儿,,,,,,,,,,,,,,,
950,2088.279,2089.478,1.199,6号看一下沾边对吧,2,8,2_8,混血儿,,,,,,,,,,,,,,,
951,2089.478,2090.239,0.761,你说六倒钩,2,8,2_8,混血儿,,,,,,,,,,,,,,,
952,2090.239,2091.159,0.92,你都要验死他,2,8,2_8,混血儿,,,,,,,,,,,,,,,
953,2091.159,2092.839,1.68,那你干不是第一天验他得了呗,2,8,2_8,混血儿,,,,,,,,,,,,,,,
954,2092.839,2094.25,1.411,就让他无处遁形吗,2,8,2_8,混血儿,,,,,,,,,,,,,,,
955,2094.25,2097.37,3.12,然后八五的发言问题是在于,2,8,2_8,混血儿,,,,,,,,,,,,,,,
956,2097.37,2102.23,4.86,5号非说八牌说678不能说三个狼,2,8,2_8,混血儿,,,,,,问题,,,,,,,,,
957,2102.23,2103.31,1.08,我们不是刚抽的吗,2,8,2_8,混血儿,,,,,,,,,,,,,,,
958,2103.31,2103.63,0.32,一起,2,8,2_8,混血儿,,,,,,,,,,,,,,,
959,2103.63,2106.17,2.54,所以我觉得5号这个点聊的很奇怪呀,2,8,2_8,混血儿,,,,,,,,,,,,,,,
960,2106.17,2106.81,0.64,说六七,2,8,2_8,混血儿,,,,,,,,,,,,,,,
961,2106.81,2108.63,1.82,所以678不能是三个狼,2,8,2_8,混血儿,,,,,,,,,,,,,,,
962,2108.63,2109.37,0.74,不存在,2,8,2_8,混血儿,,,,,,,,,,,,,,,
963,2109.37,2110.09,0.72,谁都可以哦,2,8,2_8,混血儿,,,,,,,,,,,,,,,
964,2110.09,2112.25,2.16,不不能说三个狼还是三个好人来着,2,8,2_8,混血儿,,,,,,,,,,,,,,,
965,2112.25,2115.5,3.25,所以当时我是觉得5号这一点聊得有点怪吧,2,8,2_8,混血儿,,,,,,,,,,,,,,,
966,2115.5,2116.22,0.72,当然了,2,8,2_8,混血儿,,,,,,,,,,,,,,,
967,2116.22,2117.94,1.72,就是肯定要更新一轮11的发言,2,8,2_8,混血儿,,,,,,,,,,,,,,,
968,2117.94,2120.66,2.72,那5号他但是比如说在5号的视角,2,8,2_8,混血儿,,,,,,,,,,,,,,,
969,2120.66,2123.5,2.84,他正常应该是打七九十七九十一三个狼,2,8,2_8,混血儿,,,,,,,,,,,,,,,
970,2123.5,2124.46,0.96,但他没有打7号,2,8,2_8,混血儿,,,,,,,,,,,,,,,
971,2124.46,2125.22,0.76,他打的是9号,2,8,2_8,混血儿,,,,,,,,,,,,,,,
972,2125.22,2126.02,0.8,11号对吧,2,8,2_8,混血儿,,,,,,,,,,,,,,,
973,2126.02,2127.94,1.92,他就7号甚至都有可能是好人,2,8,2_8,混血儿,,,,,,,,,,,,,,,
974,2127.94,2133.48,5.54,他说后面的开多狼其实也不是很很想活的样子,2,8,2_8,混血儿,,,,,,,,,,,,,,,
975,2133.48,2137.33,3.85,然后我觉得可以更新一轮警下11的发言,2,8,2_8,混血儿,,,,,,,,,,,,再听一轮,,,
976,2137.33,2138.53,1.2,再站边嘛,2,8,2_8,混血儿,,,,,,,,,,,,,,,
977,2138.53,2141.62,3.09,然后觉得前置位3号比较像好人,2,8,2_8,混血儿,,,,,,,,,,,,,,,
978,2141.62,2144.28,2.66,然后我觉得7号八号其实也还行,2,8,2_8,混血儿,,,,,,,,还行,还行,,,,,,
979,2144.28,2147.37,3.09,7号八号的位置也还行吧,2,8,2_8,混血儿,,,,,,,,,,,,,,,
980,2147.37,2148.79,1.42,我不太确定哦,2,8,2_8,混血儿,,,好人,,,,,,,,,,,,
981,2148.79,2151.61,2.82,但是因为因为他们都站边,2,8,2_8,混血儿,,,,,,,,,,,,,,,
982,2151.61,2153.13,1.52,九还说八还是好人,2,8,2_8,混血儿,,,,,,,,,,,,,,,
983,2153.13,2154.54,1.41,说4号站边了,2,8,2_8,混血儿,,,,,,,,,,,,,,,
984,2154.54,2155.5,0.96,9号都不敢得罪,2,8,2_8,混血儿,,,,,,,,,,,,,,,
985,2155.5,2155.86,0.36,8号,2,8,2_8,混血儿,,,,,,,,,,,,,,,
986,2155.86,2158.37,2.51,说8号是站错边的好人,2,8,2_8,混血儿,,,,,,,,,,,,,,,
987,2158.37,2160.75,2.38,所以我觉得四的发言其实很奇怪的,2,8,2_8,混血儿,,,,,,,,,,,,,,,
988,2160.75,2161.59,0.84,我觉得四不是狼,2,8,2_8,混血儿,,,,,非狼即混,,,,,,,,,,
989,2161.59,2162.27,0.68,就是混子吧,2,8,2_8,混血儿,,,,,,,,,,,,,,,
990,2162.27,2164.53,2.26,应该就是反正有点怪怪的嗯,2,8,2_8,混血儿,,,,,,,,,,,,,,,
991,2164.53,2167.3,2.77,但我觉得7号还可以,2,8,2_8,混血儿,,,,,,,,,,,,,,,
992,2167.3,2168.32,1.02,8号还行吧,2,8,2_8,混血儿,,,,,,,,,,,,,,,
993,2168.32,2169.68,1.36,3号可能是好人吧,2,8,2_8,混血儿,,,,,,,,,,,,,,,
994,2169.68,2170.26,0.58,就这样吧,2,8,2_8,混血儿,,,,,,,,,,,,,,,
996,2173.21,2175.87,2.66,快乐的一局游戏开始了,1,9,1_9,白神,,,,,,,,,,,,,,,
997,2176.31,2178.99,2.68,我作为警上偏沉底位的好人牌,1,9,1_9,白神,,,,,,,,,,,,,,,
998,2178.99,2180.39,1.4,那我对这个一组对跳,1,9,1_9,白神,,,,,,,,,,,,,,,
999,2180.39,2184.09,3.7,肯定是要嗯发表一些我的观点嘛,1,9,1_9,白神,,,,,,,,,,,,,,,
1000,2184.09,2185.45,1.36,5号九号跳预言家,1,9,1_9,白神,,,,,,,,,,,,,,,
1001,2185.45,2187.08,1.63,我站9号,1,9,1_9,白神,,,,,,,,,,站边9号,,,,,
1002,2187.08,2189.28,2.2,我的判断原因是这样的,1,9,1_9,白神,,,,,,,,,,,,,,,
1003,2189.28,2192.8,3.52,9号警上第一个发言发3号金水的心路历程呢,1,9,1_9,白神,,,,,,,,,,,,,,,
1004,2192.8,2193.92,1.12,我觉得没有问题,1,9,1_9,白神,,,,,,,,,,,,,,,
1005,2193.92,2196.23,2.31,发言状态我也觉得还可以,1,9,1_9,白神,,,,,,,,,,,,,,,
1006,2196.23,2197.47,1.24,略有瑕疵的,1,9,1_9,白神,,,,,,,,,,,,,,,
1007,2197.47,2198.23,0.76,就是警徽流,1,9,1_9,白神,,,,,,,,,,,,,,,
1008,2198.23,2201.27,3.04,10号跟6号倒不是像大家说的6号看站边,1,9,1_9,白神,,,,,,,,,,,,,,,
1009,2201.27,2203.89,2.62,因为10号第一个发言给的信息是一号,1,9,1_9,白神,,,,,,,,,,,,,,,
1010,2203.89,2205.01,1.12,9号像身份牌,1,9,1_9,白神,,,,,,,,,,,,,,,
1011,2205.01,2205.43,0.42,6号,1,9,1_9,白神,,,,,,,,,,,,,,,
1012,2205.43,2206.71,1.28,11号像好人,1,9,1_9,白神,,,,,,,,,,,,,,,
1013,2206.71,2208.91,2.2,我觉得9号如果要验10号呢,1,9,1_9,白神,,,,,,,,,,,,,,,
1014,2208.91,2211.17,2.26,第二警徽流压6号略微有一点不妥,1,9,1_9,白神,,,,,,,,,,第二警徽流不妥,,,,,
1015,2211.17,2212.63,1.46,当然你是前置发言嘛,1,9,1_9,白神,,,,,,,,,,,,,,,
1016,2212.63,2215.069,2.439,我觉得这一点不算特别大的瑕疵,1,9,1_9,白神,,,,,,,,,,,,,,,
1017,2215.069,2216.509,1.44,对比5号发言呢,1,9,1_9,白神,,,,,,,,,,,,,,,
1018,2216.509,2219.909,3.4,我觉得5号就是肯定是一个悍跳了,1,9,1_9,白神,,,,,,,,,,,,,,,
1019,2219.909,2221.909,2,5号警上发言是这样发的,1,9,1_9,白神,,,,,,悍跳,,,,,,,,,
1020,2221.909,2224.359,2.45,他验了11号是一个狼牌,1,9,1_9,白神,,,,,,,,,,,,,,,
1021,2224.359,2226.039,1.68,他第一个给的好人是谁呢,1,9,1_9,白神,,,,,,,,,,,,,,,
1022,2226.039,2227.06,1.021,是10号,1,9,1_9,白神,,,,,,,,,,,,,,,
1023,2227.06,2228.66,1.6,10号警上发言说,1,9,1_9,白神,,,,,,,,,,,,,,,
1024,2228.66,2230.02,1.36,6号11号两好人,1,9,1_9,白神,,,,,,,,,,,,,,,
1025,2230.02,2231.22,1.2,5号已知11是狼,1,9,1_9,白神,,,,,,,,,,,,,,,
1026,2231.22,2233.029,1.809,凭什么给10号好人身份,1,9,1_9,白神,,,,,,,,,,,,,,,
1027,2233.029,2235.469,2.44,这是我觉得第一个5号是狼的点,1,9,1_9,白神,,,,,,,,,,,,,,,
1028,2235.469,2239.009,3.54,第二个5号警上发言给了第二个好人是8号,1,9,1_9,白神,,,,,,,,,,,,,,,
1029,2239.009,2240.23,1.221,踩死了7号,1,9,1_9,白神,,,,,,,,,,,,,,,
1030,2240.23,2241.87,1.64,8号警上发言说,1,9,1_9,白神,,,,,,,,,,,,,,,
1031,2241.87,2244.27,2.4,前刚后放没有明确站边,1,9,1_9,白神,,,,,,,,,,,,,,,
1032,2244.27,2245.91,1.64,5号说八九不见面,1,9,1_9,白神,,,,,,,,,,,,,,,
1033,2245.91,2248.77,2.86,这个不见面关系在我这得不出第三,1,9,1_9,白神,,,,,,,,,,,,,,,
1034,2248.77,2251.91,3.14,5号说7号他发完言是一个铁狼牌了,1,9,1_9,白神,,,,,,,,,,,,,,,
1035,2251.91,2255.069,3.159,但是从4号到12号开始表水,1,9,1_9,白神,,,,,,,,,,,,,,,
1036,2255.069,2257.249,2.18,假设5号带入预言家视角,1,9,1_9,白神,,,,,,,,,,,,,,,
1037,2257.249,2259.269,2.02,7号在他眼里疑似是一个狼,1,9,1_9,白神,,,,,,,,,,,,,,,
1038,2259.269,2260.509,1.24,9号是一个悍跳的狼,1,9,1_9,白神,,,,,,,,,,,,,,,
1039,2260.509,2261.63,1.121,11号是一个查杀,1,9,1_9,白神,,,,,,,,,,,,,,,
1040,2261.63,2263.49,1.86,那4~12最多出一个狼,1,9,1_9,白神,,,,,,,,,,,,,,,
1041,2263.49,2264.99,1.5,4号12号怎么表水啊,1,9,1_9,白神,,,,,,,,,,,,,,,
1042,2264.99,2266.23,1.24,我们这边不用发言,1,9,1_9,白神,,,,,,,,,,,,,,,
1043,2266.23,2267.73,1.5,就是最多只有一个狼,1,9,1_9,白神,,,,,,,,,,,,,,,
1044,2267.73,2269.42,1.69,最撑破天加一个混,1,9,1_9,白神,,,,,,,,,,,,,,,
1045,2269.42,2271.84,2.42,他怎么可能说从42开始表水,1,9,1_9,白神,,,,,,,,,,,,,,,
1046,2271.84,2274.649,2.809,所以我觉得5号发言不是预言牌啊,1,9,1_9,白神,,,,,,,,,,,,,,,
1047,2274.649,2276.409,1.76,这是我分辨预言家的理由,1,9,1_9,白神,,,,,,,,,,,,,,,
1048,2276.409,2277.989,1.58,然后我独立听发言呢,1,9,1_9,白神,,,,,,,,,,,,,,,
1049,2277.989,2279.049,1.06,10号警上发言,1,9,1_9,白神,,,,,,,,,,,神牌,,,,
1050,2279.049,2280.529,1.48,我觉得是一个好人,1,9,1_9,白神,,,,,,,,,,,,,,,
1051,2280.529,2282.96,2.431,且是一个神牌发言,1,9,1_9,白神,,,,,,,,,,,,,,,
1052,2282.96,2284.24,1.28,那你警上第一个,1,9,1_9,白神,,,,,,,,,,,,,,,
1053,2284.24,2285.2,0.96,你这么硬干嘛,1,9,1_9,白神,,,,,,,,,,,,,,,
1054,2285.2,2286.6,1.4,6号11号警下两个人,1,9,1_9,白神,,,,,,,,,,,,,,,
1055,2286.6,2287.84,1.24,你帮当全保掉,1,9,1_9,白神,,,,,,,,,,,,,,,
1056,2287.84,2289.28,1.44,说一号9号有身份,1,9,1_9,白神,,,,,,,,,,,,,,,
1057,2289.28,2290.3,1.02,你自己没身份,1,9,1_9,白神,,,,,,,,,,,,,,,
1058,2290.3,2291.49,1.19,我不相信,1,9,1_9,白神,,,,,,,,,,,,,,,
1059,2291.49,2293.53,2.04,我都要把你身份点出来呢,1,9,1_9,白神,,,,,,,,,,,,,,,
1060,2293.53,2295.53,2,8号说前刚后放嘛,1,9,1_9,白神,,,,,,,,,,,,,,,
1061,2295.53,2297.26,1.73,我们可以看看8号站边,1,9,1_9,白神,,,,,,,,,,,,,,,
1062,2297.26,2299.82,2.56,5号就是7号独立发言呢,1,9,1_9,白神,,,,,,,,,,,,,,,
1063,2299.82,2301.84,2.02,我没听出一定是好人或者是狼,1,9,1_9,白神,,,,,,,,,,,,,,,
1064,2301.84,2303.46,1.62,但是5号打7号,1,9,1_9,白神,,,,,,,,,,,,,,,
1065,2303.46,2305.14,1.68,让我觉得7号有狼面了,1,9,1_9,白神,,,,,,,,有狼面,,,,,,,
1066,2305.14,2307.5,2.36,发过言的七九十三个人,1,9,1_9,白神,,,,,,,,,,,,,,,
1067,2307.5,2308.62,1.12,他七八十三个人,1,9,1_9,白神,,,,,,,,,,,,,,,
1068,2308.62,2310.54,1.92,5号为什么单单点死7号呢,1,9,1_9,白神,,,,,,,,,,,,,,,
1069,2310.54,2312.02,1.48,7号警上也没有外置,1,9,1_9,白神,,,,,,,,,,,,,,,
1070,2312.02,2313.36,1.34,有明确多的工作量,1,9,1_9,白神,,,,,,,,,,,,,,,
1071,2313.36,2314.5,1.14,所以5号打7号,1,9,1_9,白神,,,,,,,,,,,,,,,
1072,2314.5,2316.5,2,我觉得有可能是打同伴,1,9,1_9,白神,,,,,,,,,,,,,,,
1073,2316.5,2317.5,1,4号发言,1,9,1_9,白神,,,,,,,,,,,,,,,
1074,2317.5,2318.74,1.24,我觉得值得进验,1,9,1_9,白神,,,,,草率,,,,,,,,,,
1075,2318.74,2320.78,2.04,因为4号给的身份太草率了,1,9,1_9,白神,,,,,,,,,,,,,,,
1076,2320.78,2322.22,1.44,789十全是好人,1,9,1_9,白神,,,,,,,,,,,,,,,
1077,2322.22,2324.319,2.099,6号11号必须要做狼,1,9,1_9,白神,,,,,,,,,,,,,,,
1078,2324.319,2326.119,1.8,11号反向金水呀,1,9,1_9,白神,,,,,,,,,,,,,,,
1079,2326.119,2327.659,1.54,没听过发言呀,1,9,1_9,白神,,,,,,,,,,,,,,,
1080,2327.659,2330.399,2.74,而且我觉得呢5号警上直接给警下,1,9,1_9,白神,,,,,,,,,,,,,,,
1081,2330.399,2331.199,0.8,11号扣查杀,1,9,1_9,白神,,,,,,,,,,,,,,,
1082,2331.199,2332.529,1.33,6号有可能不是狼,1,9,1_9,白神,,,,,,,,,,,,,,,
1083,2332.529,2335.809,3.28,就是我不知道是五查杀11是狼查杀同伴,1,9,1_9,白神,,,,,,,,,,,,,,,
1084,2335.809,2337.029,1.22,或者是狼查杀好人,1,9,1_9,白神,,,,,,,,,,,,,,,
1085,2337.029,2339.089,2.06,但是我觉得假设11是好人呢,1,9,1_9,白神,,,,,,,,,,,,,,,
1086,2339.089,2341.92,2.831,5号查杀11号会让6号的这一票特别难投,1,9,1_9,白神,,,,,,,,,,,,,,,
1087,2341.92,2344.24,2.32,这只是我自己的一点初步判断啊,1,9,1_9,白神,,,,,,,,,,,,,,,
1088,2344.24,2347.069,2.829,还是要结合井下6号发言的警上听发言,1,9,1_9,白神,,,,,,,,,,,,,,,
1089,2347.069,2349.009,1.94,我怀疑4号七号啊,1,9,1_9,白神,,,,,怀疑,,,怀疑,,,,,,,
1090,2349.009,2350.749,1.74,目前站边我是站边9号,1,9,1_9,白神,,,,,,,,,,,,,,,
1091,2350.749,2351.809,1.06,我是好人牌,1,9,1_9,白神,,,,,,,,,,,,,,,
1092,2351.809,2355.569,3.76,过12号玩家请发言,1,9,1_9,白神,,,,,,,,,,,,,,,
1093,2355.969,2357.789,1.82,谢谢一下莱斯的投食,12,10,12_10,狼人,,,,,,,,,,,,,,,
1094,2357.789,2361.929,4.14,谢谢以及上一场遗落在这里的投石的happy,12,10,12_10,狼人,,,,,,,,,,,,,,,
1095,2361.929,2363.949,2.02,谢谢你的留在这里的投食,12,10,12_10,狼人,,,,,,,,,,,,,,,
1096,2363.949,2365.115,1.166,谢谢你,12,10,12_10,狼人,,,,,,,,,,,,,,,
1097,2365.51,2366.43,0.92,一号玩家,12,10,12_10,狼人,,,,,,,,,,,,,,,
1098,2368.51,2369.57,1.06,大篡改,12,10,12_10,狼人,,篡改发言,,,,,,,,,,,,,
1099,2371.5,2373.42,1.92,你属于是顶级篡改,12,10,12_10,狼人,,,,,,,,,,,,,,,
1100,2373.42,2375.74,2.32,你是根本就你根本就没听过,12,10,12_10,狼人,,,,,,,,,,,,,,,
1101,2375.74,2378.26,2.52,感觉你根本就那个人像AI的发言那种,12,10,12_10,狼人,,,,,,,,,,,,,,,
1102,2378.26,2378.8,0.54,你知道吧,12,10,12_10,狼人,,,,,,,,,,,,,,,
1103,2378.8,2380.1,1.3,就是那种最近在写论文,12,10,12_10,狼人,,,,,,,,,,,,,,,
1104,2380.1,2380.58,0.48,就不好意思,12,10,12_10,狼人,,,,,,,,,,,,,,,
1105,2380.58,2382.94,2.36,这个AI经常给我乱写论文,12,10,12_10,狼人,,,,,,,,,,,,,,,
1106,2382.94,2383.34,0.4,你知道吗,12,10,12_10,狼人,,,,,,,,,,,,,,,
1107,2383.34,2384.25,0.91,乱写咳,12,10,12_10,狼人,,,,,,,,,,,,,,,
1108,2384.25,2386.21,1.96,15号什么时候七铁狼,12,10,12_10,狼人,,,,,,,,,,,,,,,
1109,2387.29,2388.55,1.26,甚至都说七好人,12,10,12_10,狼人,,,,,,,,,,,,,,,
1110,2388.55,2390.89,2.34,你这个完全都你太夸张了,12,10,12_10,狼人,,,,,,,,,,,,,,,
1111,2390.89,2391.97,1.08,你你太夸张了,12,10,12_10,狼人,,,,,,,,,,,,,,,
1112,2393.05,2394.56,1.51,呃咳咳,12,10,12_10,狼人,,,,,,,,,,,,,,,
1113,2394.56,2397.25,2.69,我个人认为五跟九的发言呢各有千秋,12,10,12_10,狼人,,,,,,各有千秋,,,,各有千秋,,,,,
1114,2398.69,2399.25,0.56,怎么了,12,10,12_10,狼人,,,,,,,,,,,,,,,
1115,2399.25,2400.39,1.14,难道不是各有千秋吗,12,10,12_10,狼人,,,,,,,,,,,,,,,
1116,2400.39,2401.53,1.14,肯肯定是各有千秋,12,10,12_10,狼人,,,,,,,,,,,,,,,
1117,2401.53,2404.49,2.96,苏打老师能够跟桃子老师各有千秋,12,10,12_10,狼人,,,,,,,,,,,,,,,
1118,2404.49,2405.67,1.18,已经是很高的评价了,12,10,12_10,狼人,,,,,,,,,,,,,,,
1119,2405.67,2407.07,1.4,很高的评价了呀,12,10,12_10,狼人,,,,,,,,,,,,,,,
1120,2407.07,2409.49,2.42,9号玩家验三的新路线确实很加分,12,10,12_10,狼人,,,,,,,,,,,,,,,
1121,2409.49,2410.43,0.94,确实很加分,12,10,12_10,狼人,,,,,,,,,,,,,,,
1122,2410.43,2412.23,1.8,但是5号玩家给11号玩家发实弹,12,10,12_10,狼人,,,,,,,,,,,,,,,
1123,2412.23,2413.15,0.92,力度确实很大啊,12,10,12_10,狼人,,,,,,,,,,,,,,,
1124,2413.15,2414.82,1.67,你看他在六跟11,12,10,12_10,狼人,,,,,,,,,,,,,,,
1125,2414.82,2417.22,2.4,他他给11号玩家发射的11号人是好人,12,10,12_10,狼人,,,,,,,,,,,,,,,
1126,2417.22,2419.979,2.759,这不强行绑定6号玩家吗,12,10,12_10,狼人,,,,,,,,,,,,,,,
1127,2419.979,2421.059,1.08,不成强行绑定6号吗,12,10,12_10,狼人,,,,,,,,,,,,,,,
1128,2421.059,2422.879,1.82,6号玩家假设底牌底牌是好人,12,10,12_10,狼人,,,,,,,,,,,,,,,
1129,2422.879,2424.019,1.14,希的票已经没有了,12,10,12_10,狼人,,,,,,,,,,,,,,,
1130,2424.019,2424.839,0.82,6号的票,12,10,12_10,狼人,,,,,,,,,,,,,,,
1131,2424.839,2426.459,1.62,如果6号玩家底牌还是好人,12,10,12_10,狼人,,,,,,,,,,,,,,,
1132,2426.459,2428.04,1.581,不警徽不是肯定没了吗,12,10,12_10,狼人,,,,,,,,,,,,,,,
1133,2428.04,2428.64,0.6,对不对,12,10,12_10,狼人,,,,,,,,,,,,,,,
1134,2428.64,2430.95,2.31,除非6号玩家是5号人同伴吧,12,10,12_10,狼人,,,,,,,,,,,,,,,
1135,2430.95,2432.71,1.76,所以我只说强行绑定6号人的关系啊,12,10,12_10,狼人,,,,,,,,,,,,,,,
1136,2432.71,2435.51,2.8,我觉得这点在我看来也是加分项嘛,12,10,12_10,狼人,,,,,,,,,,,,,,,
1137,2435.51,2437.03,1.52,确实像2号人说的,12,10,12_10,狼人,,,,,,,,,,,,,,,
1138,2437.03,2438.27,1.24,我也听到了,12,10,12_10,狼人,,,,,,,,,,,,,,,
1139,2438.27,2439.59,1.32,你说你验11,12,10,12_10,狼人,,,,,,,,,,,,,,,
1140,2439.59,2442.55,2.96,你不验四的原因是因为你怕验出来是好人,12,10,12_10,狼人,,,,,,,,,,,,,,,
1141,2442.55,2443.19,0.64,4号是金水,12,10,12_10,狼人,,,,,,,,,,,,,,,
1142,2443.19,2444.27,1.08,你听不到678,12,10,12_10,狼人,,,,,,,,,,,,,,,
1143,2444.27,2446.59,2.32,因为你觉得678发牌发不出三个,12,10,12_10,狼人,,,,,,,,,,,,,,,
1144,2446.59,2447.85,1.26,发不出三个狼,12,10,12_10,狼人,,,,,,,,,,,,,,,
1145,2447.85,2450.319,2.469,你说这个我听着有点怪,12,10,12_10,狼人,,,,,,,,,,,,,,,
1146,2450.319,2450.959,0.64,确实怪,12,10,12_10,狼人,,,,,,,,,,,,,,,
1147,2450.959,2452.619,1.66,确实怪我抽的一样,12,10,12_10,狼人,,,,,,,,,,,,,,,
1148,2452.619,2454.359,1.74,我我抽的边角位的牌,12,10,12_10,狼人,,,,,,,,,,,,,,,
1149,2454.359,2454.939,0.58,很明显,12,10,12_10,狼人,,,,,,,,,,,,,,,
1150,2454.939,2457.19,2.251,我这我刚说我抽的边角位的牌,12,10,12_10,狼人,,,,,,,,,,,,,,,
1151,2457.19,2458.77,1.58,他说678抽不出来三个,12,10,12_10,狼人,,,,,,,,,,,,,,,
1152,2458.77,2460.59,1.82,所以我只能说各有千秋啊,12,10,12_10,狼人,,,,,,,,,,,,,,,
1153,2460.59,2461.75,1.16,都有都有都有加分项,12,10,12_10,狼人,,,,,,,,,,,,,,,
1154,2461.75,2463.01,1.26,我们再听一下11呗,12,10,12_10,狼人,,,,,,,,,,,,,,,
1155,2463.01,2464.04,1.03,对不对,12,10,12_10,狼人,,,,,,,,,,,,,,,
1156,2464.04,2465.4,1.36,你记茬事了呀,12,10,12_10,狼人,,,,,,,,,,,,,,,
1157,2465.4,2466.06,0.66,宝玉妹妹,12,10,12_10,狼人,,,,,,,,,,,,,,,
1158,2466.06,2467.649,1.589,我可太期待了呀,12,10,12_10,狼人,,,,,,,,,,,,,,,
1159,2467.649,2470.249,2.6,然后还有平票pk的大概率嘛对吧,12,10,12_10,狼人,,,,,,,,,,,,,,,
1160,2470.249,2471.089,0.84,万一有平票pk的话,12,10,12_10,狼人,,,,,,,,,,,,,,,
1161,2471.089,2473.469,2.38,我们还可以再听一下平票pk的更新发言对吧,12,10,12_10,狼人,,,,,,,,,,,,,,,
1162,2473.469,2474.909,1.44,如果我没听错的话,12,10,12_10,狼人,,,,,,,,,,,,,,,
1163,2474.909,2476.42,1.511,5号人确实没打七,12,10,12_10,狼人,,,,,,,,,,,,,,,
1164,2476.42,2477.3,0.88,确实没打七,12,10,12_10,狼人,,,,,,,,,,,,,,,
1165,2477.3,2478.98,1.68,但是也没说7号玩家,12,10,12_10,狼人,,,,,,,,,,,,,,,
1166,2479.26,2481.22,1.96,那他这个意思就是7号有可能是好人,12,10,12_10,狼人,,,,,,,,,,,,,,,
1167,2481.22,2486.31,5.09,他才能够说出4~12开开两个狼对吧,12,10,12_10,狼人,,,,,,,,,,,,,,,
1168,2486.31,2487.67,1.36,他才他才能说出这句话,12,10,12_10,狼人,,,,,,,,,,,,,,,
1169,2487.67,2489.07,1.4,所以说所以的话呢,12,10,12_10,狼人,,,,,,,,,,,,,,,
1170,2489.07,2490.55,1.48,就是说呢你解释一下这个事吧,12,10,12_10,狼人,,,,,,,,,,,,,,,
1171,2490.55,2493.23,2.68,为什么7号在你那能够能够得出好人,12,10,12_10,狼人,,,,,,,,,,,,,,,
1172,2493.23,2494.43,1.2,但是我觉得力度还是很大的,12,10,12_10,狼人,,,,,,,,,,,,,,,
1173,2494.43,2496.67,2.24,所以说我觉得要听一下11的更新好吧,12,10,12_10,狼人,,,,,,,,,,,,听更新发言,,,
1174,2496.67,2497.51,0.84,不急嘛好不好,12,10,12_10,狼人,,,,,,,,,,,,,,,
1175,2497.51,2498.69,1.18,但是一号你大篡改,12,10,12_10,狼人,,,,,,,,,,,,,,,
1176,2498.69,2500.19,1.5,你大篡改,12,10,12_10,狼人,,,,,,,,,,,,,,,
1177,2500.19,2501.15,0.96,一会儿审判你,12,10,12_10,狼人,,,,,,,,,,,,,,,
1178,2501.15,2502.97,1.82,因为我现在边还没有站的很轻,12,10,12_10,狼人,,,,,,,,,,,,,,,
1179,2502.97,2505.03,2.06,所以先不打死你啊,12,10,12_10,狼人,,,,,,,,,,,,,,,
1180,2505.03,2506.01,0.98,我过了,12,10,12_10,狼人,,,,,,,,,,,,,,,
1184,2514.43,2518.18,3.75,仍留警上玩家,0,11,0_11,法官,,,,1,1,1,,,1,1,,,1,,
1188,2526.83,2528.41,1.58,警徽投票,0,11,0_11,法官,,,,,,,5,,,,,9,,,
1193,2537.26,2538.58,1.32,啊我改一下警徽流,5,12,5_12,预言家,,,警徽流2,警徽流1,,,,,,,,,,,
1194,2538.58,2541.91,3.33,我的警徽流是先3号后2号,5,12,5_12,预言家,,,,,,,,,,,,,,,
1195,2541.91,2543.41,1.5,然后我安排一下工作,5,12,5_12,预言家,,,,,,,,,,,,,,,
1196,2543.41,2545.29,1.88,我验的11号是查杀,5,12,5_12,预言家,,,,,,,,,,,,,,,
1197,2545.29,2547.01,1.72,因为9号可以是悍跳狼,5,12,5_12,预言家,,,,,,,,,,,,,,,
1198,2547.01,2549.44,2.43,理论上也可以是混血儿,5,12,5_12,预言家,,,,,,,,,,,,,,,
1199,2549.44,2552.28,2.84,所以今天我查杀的11号是红狼,5,12,5_12,预言家,,,,,,,,,,,,,,,
1200,2552.28,2553.44,1.16,今天投11号,5,12,5_12,预言家,,,,,,,,,,,,,,,
1201,2553.44,2555.48,2.04,然后女巫可以毒9号,5,12,5_12,预言家,,,,,,,,,,,,,,,
1202,2555.48,2557.08,1.6,然后明天的pk呢,5,12,5_12,预言家,,,,,,,,,,,,,,,
1203,2557.08,2559.32,2.24,如果那个外置位的站边是没有变化,5,12,5_12,预言家,,,,,,,,,,,,,,,
1204,2559.32,2561.08,1.76,一号和4号优先上一下,5,12,5_12,预言家,,,,,,,,,,,,,,,
1205,2561.08,2562.969,1.889,内推6号我是不怀疑的,5,12,5_12,预言家,,,,,,,,,,,,,,,
1206,2562.969,2563.529,0.56,他是狼,5,12,5_12,预言家,,,,,,,,,,,,,,,
1207,2563.529,2565.889,2.36,既然后面的大部分人都不站边,5,12,5_12,预言家,,,,,,,,,,,,,,,
1208,2565.889,2567.389,1.5,我他就可以直接冲票,5,12,5_12,预言家,,,,,,,,,,,,,,,
1209,2567.389,2569.5,2.111,所以6号我觉得是好人,5,12,5_12,预言家,,,,,,,好人,,,,,,,,
1210,2569.5,2571.74,2.24,12号玩家呢我是这样想的,5,12,5_12,预言家,,,,,,,,,,,,,,,
1211,2571.74,2573.3,1.56,我本来是32顺验,5,12,5_12,预言家,,,,,,,,,,,,,,,
1212,2573.3,2575.8,2.5,但是我听了你警上沉底的发言呢,5,12,5_12,预言家,,,,,,,,,,,,,,,
1213,2575.8,2578.12,2.32,我都不知道你是不是狼发出来的言,5,12,5_12,预言家,,,,,,,,,,,,,,,
1214,2578.12,2579.32,1.2,我想问一下大家,5,12,5_12,预言家,,,,,,,,,,,,,,,
1215,2579.32,2581.109,1.789,比如说那个22的质疑,5,12,5_12,预言家,,,,,,,,,,,,,,,
1216,2581.109,2585.58,4.471,说我说678从位置上不太可能是三连匪,5,12,5_12,预言家,,,,,,,,,,,,,,,
1217,2585.58,2589.1,3.52,我觉得这是一个非常明显的能听懂的一句话,5,12,5_12,预言家,,,,,,,,,,,,,,,
1218,2589.1,2590.1,1,如果你们是好人,5,12,5_12,预言家,,,,,,,,,,,,,,,
1219,2590.1,2591.14,1.04,难道听不懂吗,5,12,5_12,预言家,,,,,,,,,,,,,,,
1220,2591.14,2592.06,0.92,你打游戏,5,12,5_12,预言家,,,,,,,,,,,,,,,
1221,2592.06,2596.819,4.759,请问三连匪的概率高还是分散开来做的概率高,5,12,5_12,预言家,,,,,,,,,,,,,,,
1222,2596.819,2599.779,2.96,不可能就是每局游戏都是有三连匪,5,12,5_12,预言家,,,,,,,,,,,,,,,
1223,2599.779,2600.539,0.76,这个概率的吧,5,12,5_12,预言家,,,,,,,,,,,,,,,
1224,2600.539,2602.199,1.66,这是一个小概率事件,5,12,5_12,预言家,,,,,,,,,,,,,,,
1225,2602.199,2603.58,1.381,虽然是随机的,5,12,5_12,预言家,,,,,,,,,,,,,,,
1226,2603.58,2605.8,2.22,所以我觉得这句话非常能听懂,5,12,5_12,预言家,,,,,,,,,,,,,,,
1227,2605.8,2608.74,2.94,那么一号我为什么要请他上pk,5,12,5_12,预言家,,,,,,,,,,,,,,,
1228,2608.74,2610.44,1.7,我觉得他是一个逻辑匪,5,12,5_12,预言家,,,,,,,,,,,,,,,
1229,2610.44,2611.58,1.14,如果你是一个好人,5,12,5_12,预言家,,,,,,,,,,,,,,,
1230,2611.58,2614.08,2.5,我觉得你的逻辑可谓是一塌糊涂,5,12,5_12,预言家,,,,,,,,,,,,,,,
1231,2614.08,2618.03,3.95,因为我警后踩的人4号三号二号,5,12,5_12,预言家,,,,,,,,,,,,,,,
1232,2618.03,2619.58,1.55,包括一号,5,12,5_12,预言家,,,,,,,,,,,,,,,
1233,2619.58,2621.84,2.26,那个时候他们是不是不站边,5,12,5_12,预言家,,,,,,,,,,,,,,,
1234,2621.84,2622.68,0.84,我对吧,5,12,5_12,预言家,,,,,,,,,,,,,,,
1235,2622.68,2625.36,2.68,那么7号疑似站边的是9号,5,12,5_12,预言家,,,,,,,,,,,,,,,
1236,2625.36,2627.1,1.74,那么一号是一个好人,5,12,5_12,预言家,,,,,,,,,,,,,,,
1237,2627.1,2628.36,1.26,是不是非常的简单,5,12,5_12,预言家,,,,,,,,,,,,,,,
1238,2628.36,2630.62,2.26,因为他也不怀疑我和11号是狼,5,12,5_12,预言家,,,,,,,,,,,,,,,
1239,2630.62,2631.3,0.68,查杀狼,5,12,5_12,预言家,,,,,,,,,,,,,,,
1240,2631.3,2635.22,3.92,也就是疑似产生我的同伴的位置是6号,5,12,5_12,预言家,,,,,,,,,,,,,,,
1241,2635.22,2637.48,2.26,8号十号12号,5,12,5_12,预言家,,,,,,,,,,,,,,,
1242,2637.48,2639.5,2.02,他当时给了10号好人,5,12,5_12,预言家,,,,,,,,,,,,,,,
1243,2639.5,2641.16,1.66,他也没有怀疑8号,5,12,5_12,预言家,,,,,,,,,,,,,,,
1244,2641.16,2644.98,3.82,那么请问你认为我是一个狼的四匪结构在哪里,5,12,5_12,预言家,,,,,,,,,,,,,,,
1245,2644.98,2646.1,1.12,你们是好人,5,12,5_12,预言家,,,,,,,,,,,,,,,
1246,2646.1,2648.26,2.16,怎么可能再说10号是好人,5,12,5_12,预言家,,,,,,,,,,,,,,,
1247,2648.26,2650.48,2.22,这个匪坑是不是基本上锁死了,5,12,5_12,预言家,,,,,,,,,,,,,,,
1248,2650.48,2651.62,1.14,并且你是好人,5,12,5_12,预言家,,,,,,,,,,,,,,,
1249,2651.62,2653.54,1.92,应该疑似质疑质疑12号,5,12,5_12,预言家,,,,,,,,,,,,,,,
1250,2653.54,2656.1,2.56,因为12号是有可能是我的同伴的,5,12,5_12,预言家,,,,,,,,,,,,,,,
1251,2656.1,2658.38,2.28,你竟然能在疑似沉底听了一圈,5,12,5_12,预言家,,,,,,,,,,,,,,,
1252,2658.38,2660.18,1.8,还说6号有可能是好人,5,12,5_12,预言家,,,,,,,,,,,,,,,
1253,2660.18,2663.34,3.16,他不是最有可能疑似产生我同伴的位置吗,5,12,5_12,预言家,,,,,,,,,,,,,,,
1254,2663.34,2665.38,2.04,呃然后那个至于4号呢,5,12,5_12,预言家,,,,,,,,,,,,,,,
1255,2665.38,2666.66,1.28,我还是尊重你,5,12,5_12,预言家,,,,,,,,,,,,,,,
1256,2666.66,2668.42,1.76,我会优先请你上pk,5,12,5_12,预言家,,,,,,,,,,,,,,,
1257,2668.42,2671.34,2.92,为什么我觉得攻击我最好的方式,5,12,5_12,预言家,,,,,,,,,,,,,,,
1258,2671.34,2674.72,3.38,因为我那个发言可能在有的玩家的视角里面,5,12,5_12,预言家,,,,,,,,,,,,,,,
1259,2674.72,2676.26,1.54,也是属于疑似聊爆,5,12,5_12,预言家,,,,,,,,,,,,,,,
1260,2676.26,2678.64,2.38,因为那个时候就是我预言家也会聊爆的,5,12,5_12,预言家,,,,,,,,,,,,,,,
1261,2678.64,2680.24,1.6,我说9号大概率是悍跳,5,12,5_12,预言家,,,,,,,,,,悍跳狼,,,,,
1262,2680.24,2681.98,1.74,我查杀的是11号,5,12,5_12,预言家,,,,,,,,,,,,,,,
1263,2681.98,2685.82,3.84,但是我觉得4~12的区域疑似产2~3肥,5,12,5_12,预言家,,,,,,,,,,,,,,,
1264,2685.82,2688.12,2.3,这个是唯一我觉得可以质疑我的地方,5,12,5_12,预言家,,,,,,,,,,,,,,,
1265,2688.12,2689.62,1.5,因为如果9号是悍跳,5,12,5_12,预言家,,,,,,,,,,,,,,,
1266,2689.62,2691.84,2.22,是不是后置位最多产生两肥,5,12,5_12,预言家,,,,,,,,,,,,,,,
1267,2691.84,2693.66,1.82,我说的是产生2~3肥,5,12,5_12,预言家,,,,,,,,,,,,,,,
1268,2693.66,2695.28,1.62,因为我说我说话的时候,5,12,5_12,预言家,,,,,,,,,,,,,,,
1269,2695.28,2698.1,2.82,还是保留了他是那个混血儿的概率的,5,12,5_12,预言家,,,,,,,,,,,,,,,
1270,2698.1,2701.94,3.84,我觉得你们能踩我最好的就是你查杀的11号,5,12,5_12,预言家,,,,,,,,,,,,,,,
1271,2701.94,2702.74,0.8,9号悍跳,5,12,5_12,预言家,,,,,,,,,,,,,,,
1272,2702.74,2705.029,2.289,为什么后置位会产生2~3匪,5,12,5_12,预言家,,,,,,,,,,,,,,,
1273,2705.029,2707.929,2.9,但是大家都不以这个点来质疑我,5,12,5_12,预言家,,,,,,,,,,,,,,,
1274,2707.929,2710.089,2.16,请问你们质疑我的位置在哪里,5,12,5_12,预言家,,,,,,,,,,,,,,,
1275,2710.089,2711.189,1.1,然后我再说一下,5,12,5_12,预言家,,,,,,,,,,,,,,,
1276,2711.189,2714.01,2.821,为什么那个我认为7号不一定是狼,5,12,5_12,预言家,,,,,,,,,,,,,,,
1277,2714.01,2716.95,2.94,因为7号说9号给3号发金水,5,12,5_12,预言家,,,,,,,,,,,,,,,
1278,2716.95,2719.18,2.23,3号是有可能会反水立警的,5,12,5_12,预言家,,,,,,,,,,,,,,,
1279,2719.18,2721.54,2.36,那么我我当时没有听过3号发言,5,12,5_12,预言家,,,,,,,,,,,,,,,
1280,2721.54,2723.7,2.16,如果这局游戏三九是双匪呢,5,12,5_12,预言家,,,,,,,,,,,,,,,
1281,2723.7,2725.24,1.54,7号是不是有可能是好人,5,12,5_12,预言家,,,,,,,,,,,,,,,
1282,2725.24,2728.23,2.99,如果379是三个红狼牌,5,12,5_12,预言家,,,,,,,,,,,,,,,
1283,2728.23,2730.37,2.14,7号为什么能发出这样的言,5,12,5_12,预言家,,,,,,,,,,,,,,,
1284,2730.37,2733.37,3,所以他的身份取决于3号的身份,5,12,5_12,预言家,,,,,,,,,,,,,,,
1285,2733.37,2736.59,3.22,那么3号玩家他说4号有可能是好人,5,12,5_12,预言家,,,,,,,,,,,,,,,
1286,2736.59,2738.19,1.6,他没有明确的站边,5,12,5_12,预言家,,,,,,,,,,,,,,,
1287,2738.19,2740.13,1.94,所以不管他等会投给谁,5,12,5_12,预言家,,,,,,,,,,,,,,,
1288,2740.13,2742,1.87,我会优先验3号,5,12,5_12,预言家,,,,,,,,,,,,,,,
1289,2742,2743.6,1.6,然后我再验一下2号,5,12,5_12,预言家,,,,,,,,,,,,,,,
1290,2743.6,2745.68,2.08,我是在那个打位置学的人里面,5,12,5_12,预言家,,,,,,,,,,,,,,,
1291,2745.68,2747.96,2.28,就是他们说我说的那个678的,5,12,5_12,预言家,,,,,,,,,,,,,,,
1292,2747.96,2749.28,1.32,发言顺序的问题,5,12,5_12,预言家,,,,,,,,,,,,,,,
1293,2749.28,2750.36,1.08,我就选验一个,5,12,5_12,预言家,,,,,,,,,,,,,,,
1294,2750.36,2753.29,2.93,因为我认为12号呢他是好人,5,12,5_12,预言家,,,,,,,,,,,,,,,
1295,2753.29,2755.39,2.1,听完pk发言是会站边,5,12,5_12,预言家,,,,,,,,,,,,,,,
1296,2755.39,2756.95,1.56,我的我们就票行见,5,12,5_12,预言家,,,,,,,,,,,,,,,
1297,2756.95,2759.44,2.49,所以我的警徽流是先三后二,5,12,5_12,预言家,,,,,,,,,,,,,,,
1298,2759.44,2763.14,3.7,然后所有的人我我等会也有可能是没有警徽的,5,12,5_12,预言家,,,,,,,,,,,,,,,
1299,2763.14,2765.3,2.16,我查杀的11号白天公投,5,12,5_12,预言家,,,,,,,,,,,,投11,,,
1300,2765.3,2766.5,1.2,11号好吧,5,12,5_12,预言家,,,,,,,,,,,,,,,
1302,2772.179,2775.58,3.401,呃先1.01点吧,9,13,9_13,狼人,,,,,,,,,,,,,,,
1303,2775.58,2777.5,1.92,11号我就不入警徽流了,9,13,9_13,狼人,,,,,,,,,,,,,,,
1304,2777.5,2781.13,3.63,11号首先听他自己警下发言以及拍身份吧,9,13,9_13,狼人,,,,,,,,,,,,,,,
1305,2781.13,2783.49,2.36,我会去验7号和12号,9,13,9_13,狼人,,,,,,,,警徽流1,,,,,警徽流2,,
1306,2783.49,2787.519,4.029,首先6号我觉得基本上是板上钉钉的,9,13,9_13,狼人,,,,,,,,,,,,,,,
1307,2787.519,2788.999,1.48,板上钉钉的狼人,9,13,9_13,狼人,,,,,,,,,,,,,,,
1308,2788.999,2790.779,1.78,为什么会去第一验,9,13,9_13,狼人,,,,,,,,,,,,,,,
1309,2790.779,2791.939,1.16,要想验7号呢,9,13,9_13,狼人,,,,,,,,,,,,,,,
1310,2791.939,2794.77,2.831,首先5号玩家给过,9,13,9_13,狼人,,,,,,,,,,,,,,,
1311,2794.77,2797.69,2.92,在警上给过7号疑似好人身份对吧,9,13,9_13,狼人,,,,,,,,,,,,,,,
1312,2797.69,2802.089,4.399,他5号玩家报的查验是他说他验的11是查杀,9,13,9_13,狼人,,,,,,,,,,,,,,,
1313,2802.089,2803.229,1.14,也就是在他视角里,9,13,9_13,狼人,,,,,,,,,,,,,,,
1314,2803.229,2805.429,2.2,比如说这盘他是一个预言家,9,13,9_13,狼人,,,,,,,,,,,,,,,
1315,2805.429,2808.02,2.591,他是明已知11底牌是红狼的,9,13,9_13,狼人,,,,,,,,,,,,,,,
1316,2808.02,2810.62,2.6,但是七警上唯一给过的疑似好人身份,9,13,9_13,狼人,,,,,,,,,,,,,,,
1317,2810.62,2811.94,1.32,说的是11号,9,13,9_13,狼人,,,,,,,,,,,,,,,
1318,2811.94,2815.38,3.44,7号警上说觉得警下的11号像好人,9,13,9_13,狼人,,,,,,,,,,,,,,,
1319,2815.38,2818.86,3.48,所以五视角里怎么给七的好人身份,9,13,9_13,狼人,,,,,,,,,,,,,,,
1320,2818.86,2819.5,0.64,这是其一,9,13,9_13,狼人,,,,,,,,,,,,,,,
1321,2819.5,2820.75,1.25,其二是呃,9,13,9_13,狼人,,,,,,,,,,,,,,,
1322,2820.75,2823.51,2.76,我记得八是警上明确说过要前方后方的,9,13,9_13,狼人,,,,,,,,,,,,,,,
1323,2823.51,2825.39,1.88,八警上是刚入站边我的,9,13,9_13,狼人,,,,,,,,,,,,,,,
1324,2825.39,2826.87,1.48,但是七是退水了的,9,13,9_13,狼人,,,,,,,,,,,,,,,
1325,2826.87,2828.85,1.98,但是我有点没太记住,9,13,9_13,狼人,,,,,,,,,,,,,,,
1326,2828.85,2833.03,4.18,七有没有说过自家前后方加上就像一号所说的,9,13,9_13,狼人,,,,,,,,,,,,,,,
1327,2833.03,2835.3,2.27,5号打7号就是不给7号,9,13,9_13,狼人,,,,,,,,,,,,,,,
1328,2835.3,2837.58,2.28,5号对7号的定义我觉得特别拧吧,9,13,9_13,狼人,,,,,,,,,,,,,,,
1329,2837.58,2839.579,1.999,因为正常视角里呃,9,13,9_13,狼人,,,,,,,,,,,,,,,
1330,2839.579,2842.159,2.58,前置位的7号给了他的查杀好人身份,9,13,9_13,狼人,,,,,,,,,,,,,,,
1331,2842.159,2845.019,2.86,正常就应该直接打死或者打进狼坑对吧,9,13,9_13,狼人,,,,,,,,,,,,,,,
1332,2845.019,2846.999,1.98,不可能说直接给一次好人,9,13,9_13,狼人,,,,,,,,,,,,,,,
1333,2846.999,2849.79,2.791,所以五给七有可能是卖七狼同伴,9,13,9_13,狼人,,,,,,,,,,,,,,,
1334,2849.79,2852.55,2.76,虽然如果七是好人的话,9,13,9_13,狼人,,,,,,,,,,,,,,,
1335,2852.55,2852.95,0.4,有点冒昧,9,13,9_13,狼人,,,,,,,,,,,,,,,
1336,2852.95,2856.03,3.08,但是我只是在根据5号玩家的视角去展开,9,13,9_13,狼人,,,,,,,,,,,,,,,
1337,2856.03,2859.56,3.53,因为一点04号警上就是站边,9,13,9_13,狼人,,,,,,,,,,,,,,,
1338,2859.56,2860.12,0.56,我站不定的,9,13,9_13,狼人,,,,,,,,,,,,,,,
1339,2860.12,2861.2,1.08,站边的有点太坚定了,9,13,9_13,狼人,,,,,,,,,,,,,,,
1340,2861.2,2862.56,1.36,我一厢情愿的愿意相信,9,13,9_13,狼人,,,,,,,,,,,,,,,
1341,2862.56,2864,1.44,比如说这把四就是一个好人,9,13,9_13,狼人,,,,,,,,,,,,,,,
1342,2864,2865.82,1.82,警上就立即站明白边,9,13,9_13,狼人,,,,,,,,,,,,,,,
1343,2865.82,2868.43,2.61,而不是所谓的什么呃,9,13,9_13,狼人,,,,,,,,,,,,,,,
1344,2868.43,2869.49,1.06,倒钩狼言好,9,13,9_13,狼人,,,,,,,,,,,,,,,
1345,2869.49,2869.89,0.4,混子也好,9,13,9_13,狼人,,,,,,,,,,,,,,,
1346,2869.89,2871.93,2.04,我希望4号四号这把就是原声好人,9,13,9_13,狼人,,,,,,,,,,,,,,,
1347,2871.93,2872.95,1.02,直接顶上站对边,9,13,9_13,狼人,,,,,,,,,,,,,,,
1348,2872.95,2875.97,3.02,然后2号是进了悍跳的第二警徽流的对吧,9,13,9_13,狼人,,,,,,,,,,,,,,,
1349,2875.97,2877.63,1.66,2号警上是没有叫过别人的,9,13,9_13,狼人,,,,,,,,,,,,,,,
1350,2877.63,2880.34,2.71,就是说想要再听听再分辨分辨,9,13,9_13,狼人,,,,,,,,,,,,,,,
1351,2880.34,2881.75,1.41,所以我觉得2号是好人,9,13,9_13,狼人,,,,,,,,,,,,,,,
1352,2881.75,2883.39,1.64,这个边应该不会站错,9,13,9_13,狼人,,,,,,,,,,,,,,,
1353,2883.39,2885.11,1.72,5号都压你进警徽流了对吧,9,13,9_13,狼人,,,,,,,,,,,,,,,
1354,2885.11,2886.21,1.1,所以站边我就完事了,9,13,9_13,狼人,,,,,,,,,,,,,,,
1355,2886.21,2888.71,2.5,一号是被5号点成逻辑匪徒的,9,13,9_13,狼人,,,,,,,,,,,,,,,
1356,2888.71,2891.79,3.08,确实一号警上说的是5号打七,9,13,9_13,狼人,,,,,,,,,,,,,,,
1357,2891.79,2894.17,2.38,一号认为5号打七是匪踩匪,9,13,9_13,狼人,,,,,,,,,,,,,,,
1358,2894.17,2897.58,3.41,但是实际上5号是给了7号疑似好人身份嗯,9,13,9_13,狼人,,,,,,,,,,,,,,,
1359,2897.58,2898.72,1.14,但是1.0视角,9,13,9_13,狼人,,,,,,,,,,,,,,,
1360,2898.72,2901.48,2.76,我觉得5号是真的很想把一号打进狼坑,9,13,9_13,狼人,,,,,,,,,,,,,,,
1361,2901.48,2905.41,3.93,再加上其实就聊到我的第二警徽流12,9,13,9_13,狼人,,,,,,,,,,,,,,,
1362,2905.41,2908.73,3.32,我警上是没有一定听证12的嗯,9,13,9_13,狼人,,,,,,,,,,,,,,,
1363,2908.73,2911.94,3.21,首先那个5号玩家悍跳1.0视角,9,13,9_13,狼人,,,,,,,,,,,,,,,
1364,2911.94,2913.34,1.4,他给警下的11发查杀,9,13,9_13,狼人,,,,,,,,,,,,,,,
1365,2913.34,2914.42,1.08,那么其实在我心里,9,13,9_13,狼人,,,,,,,,,,,,,,,
1366,2914.42,2916.14,1.72,当时六几乎是一个狼,9,13,9_13,狼人,,,,,,,,,,,,,,,
1367,2916.14,2919.2,3.06,我觉得坐在井下的六是一个狼嗯,9,13,9_13,狼人,,,,,,,,,,,,,,,
1368,2919.2,2921.779,2.579,我觉得12警上不用犹豫吧,9,13,9_13,狼人,,,,,,,,,,,,,,,
1369,2921.779,2924.819,3.04,就是正常这个边就像前置位一号4号,9,13,9_13,狼人,,,,,,,,,,,,,,,
1370,2924.819,2926.079,1.26,甭管他们的底牌是什么,9,13,9_13,狼人,,,,,,,,,,,,,,,
1371,2926.079,2927.579,1.5,我觉得这个边是比较好站的,9,13,9_13,狼人,,,,,,,,,,,,,,,
1372,2927.579,2928.459,0.88,对于12号来说,9,13,9_13,狼人,,,,,,,,,,,,,,,
1373,2928.459,2930.14,1.681,所以12警上还在,9,13,9_13,狼人,,,,,,,,,,,,,,,
1374,2930.14,2932.02,1.88,就是这边说一点,9,13,9_13,狼人,,,,,,,,,,,,,,,
1375,2932.02,2932.7,0.68,那边说一点,9,13,9_13,狼人,,,,,,,,,,,,,,,
1376,2932.7,2934.26,1.56,我觉得一般,9,13,9_13,狼人,,,,,,,,,,,,,,,
1377,2934.26,2936.32,2.06,所以就看一下十二二轮票型好吧,9,13,9_13,狼人,,,,,,,,,,,,,,,
1378,2936.32,2939.119,2.799,再加上5号玩家发言的时候说过,9,13,9_13,狼人,,,,,,,,,,,,,,,
1379,2939.119,2940.099,0.98,首先也有,9,13,9_13,狼人,,,,,,,,,,,,,,,
1380,2940.099,2940.579,0.48,还有两点,9,13,9_13,狼人,,,,,,,,,,,,,,,
1381,2940.579,2942.819,2.24,就是他认为678什么三匪结构,9,13,9_13,狼人,,,,,,,,,,,,,,,
1382,2942.819,2943.659,0.84,我觉得不太成立,9,13,9_13,狼人,,,,,,,,,,,,,,,
1383,2943.659,2946.12,2.461,这个东西跟我的流派好像不太一样,9,13,9_13,狼人,,,,,,,,,,,,,,,
1384,2946.12,2946.76,0.64,这是第一点,9,13,9_13,狼人,,,,,,,,,,,,,,,
1385,2946.76,2950.56,3.8,第二点是他说对4~12都比较没有好感,9,13,9_13,狼人,,,,,,,,,,,,,,,
1386,2950.56,2951.97,1.41,需要听他们表水,9,13,9_13,狼人,,,,,,,,,,,,,,,
1387,2951.97,2955.03,3.06,然后警徽流压了一个后置位能发言的12号,9,13,9_13,狼人,,,,,,,,,,,,,,,
1388,2955.03,2957.7,2.67,这个当时也是我进12号视角的一部分原因,9,13,9_13,狼人,,,,,,,,,,,,,,,
1389,2957.7,2960.74,3.04,其最后第三点就是他到最后pk才发言,9,13,9_13,狼人,,,,,,,,,,,,,,,
1390,2960.74,2963.7,2.96,还要就是很机械的把三留进第一警徽流,9,13,9_13,狼人,,,,,,,,,,,,,,,
1391,2963.7,2965.5,1.8,他三给不了任何身份定义吗,9,13,9_13,狼人,,,,,,,,,,,,,,,
1392,2965.5,2967.03,1.53,所以综上呃,9,13,9_13,狼人,,,,,,,,,,,,,,,
1393,2967.03,2967.91,0.88,5号玩家是悍跳的,9,13,9_13,狼人,,,,,,,,,,,,,,,
1394,2967.91,2968.51,0.6,原因是这样,9,13,9_13,狼人,,,,,,,,,,,,,,,
1395,2968.51,2970.299,1.789,然后我警徽流就留7号,9,13,9_13,狼人,,,,,,,,,,,,,,,
1400,2982.55,2985.6,3.05,二轮警徽投票,0,14,0_14,法官,,9,5,5,9,,5,9,9,,5,9,9,,
,,,,警长归属,0,14,0_14,法官,,,,,,,,,,1,,,,,
1425,3019.04,3021.28,2.24,我狼觉得是一号7号九号11号吧,10,15,10_15,狼人,,狼,,,,,,狼,,狼,,狼,,,
1426,3021.28,3023.68,2.4,一号7号九号11号,10,15,10_15,狼人,,,,,,,,,,,,,,,
1427,3026.04,3027.6,1.56,9号我是这样觉得的,10,15,10_15,狼人,,,,,,,,,,,,,,,
1428,3027.6,3028.82,1.22,首先听完9号发言呢,10,15,10_15,狼人,,,,,,,,,,,,,,,
1429,3028.82,3031.64,2.82,当时我说的我看的好人是6号和11号,10,15,10_15,狼人,,,,,,,,,,,,,,,
1430,3031.64,3032.8,1.16,我觉得都比较像好人,10,15,10_15,狼人,,,,,,,,,,,,,,,
1431,3032.8,3034.2,1.4,我说预言家有可能拿警徽,10,15,10_15,狼人,,,,,,,,,,,,,,,
1432,3034.2,3036.17,1.97,我说一号和9号是身份牌,10,15,10_15,狼人,,,,,,,,,,,,,,,
1433,3036.17,3037.79,1.62,9号对我的定义,10,15,10_15,狼人,,,,,,,,,,,,,,,
1434,3037.79,3039.01,1.22,他说我说他是好人,10,15,10_15,狼人,,,,,,,,,,,,,,,
1435,3039.01,3040.05,1.04,这是8号点的对吧,10,15,10_15,狼人,,,,,,,,,,,,,,,
1436,3040.05,3041.47,1.42,9号都没有听到我发言,10,15,10_15,狼人,,,,,,,,,,,,,,,
1437,3041.47,3043.81,2.34,其他警徽流怎么能10号六号顺验呢,10,15,10_15,狼人,,,,,,,,,,,,,,,
1438,3043.81,3045.49,1.68,因为我说6号可能是一个好人,10,15,10_15,狼人,,,,,,,,,,,,,,,
1439,3045.49,3047.41,1.92,他可以看6号的投票定我的身份对吧,10,15,10_15,狼人,,,,,,,,,,,,,,,
1440,3047.41,3048.13,0.72,因为我是一个狼,10,15,10_15,狼人,,,,,,,,,,,,,,,
1441,3048.13,3048.81,0.68,6号都在警下,10,15,10_15,狼人,,,,,,,,,,,,,,,
1442,3048.81,3050.44,1.63,未必敢说6号是一个好人,10,15,10_15,狼人,,,,,,,,,,,,,,,
1443,3050.44,3051.88,1.44,那么当6号警徽投给他的时候,10,15,10_15,狼人,,,,,,,,,,,,,,,
1444,3051.88,3053.06,1.18,他就可以给我是好人,10,15,10_15,狼人,,,,,,,,,,,,,,,
1445,3053.06,3054.2,1.14,如果6号投给悍跳,10,15,10_15,狼人,,,,,,,,,,,,,,,
1446,3054.2,3055.22,1.02,他可以说6号是狼,10,15,10_15,狼人,,,,,,,,,,,,,,,
1447,3055.22,3056.26,1.04,怀疑我是一个狼,10,15,10_15,狼人,,,,,,,,,,,,,,,
1448,3056.26,3057.14,0.88,那么当我保了6号,10,15,10_15,狼人,,,,,,,,,,,,,,,
1449,3057.14,3058.76,1.62,他怎么可能警徽流是6号,10,15,10_15,狼人,,,,,,,,,,,,,,,
1450,3058.76,3059.46,0.7,就是6号,10,15,10_15,狼人,,,,,,,,,,,,,,,
1451,3059.46,3060.24,0.78,10号顺言呢,10,15,10_15,狼人,,,,,,,,,,,,,,,
1452,3060.24,3061.2,0.96,我觉得不合理,10,15,10_15,狼人,,,,,,,,,,,,,,,
1453,3061.2,3062.3,1.1,那么听完5号发言,10,15,10_15,狼人,,,,,,,,,,,,,,,
1454,3062.3,3063.76,1.46,我觉得5号发言呢,10,15,10_15,狼人,,,,,,,,,,,,,,,
1455,3063.76,3065.76,2,不至于像4号一号说的这么差,10,15,10_15,狼人,,,,,,,,,,,,,,,
1456,3065.76,3066.64,0.88,我觉得5号发言发挺好,10,15,10_15,狼人,,,,,,,,,,,,,,,
1457,3066.64,3067.72,1.08,他比比方他对我拆旗,10,15,10_15,狼人,,,,,,,,,,,,,,,
1458,3067.72,3069.24,1.52,他说我如果是狼的话,10,15,10_15,狼人,,,,,,,,,,,,,,,
1459,3069.24,3070.72,1.48,要是6号11号两个狼,10,15,10_15,狼人,,,,,,,,,,,,,,,
1460,3070.72,3072.2,1.48,我才敢说6号是一个好人,10,15,10_15,狼人,,,,,,,,,,,,,,,
1461,3072.2,3073.08,0.88,他听完八发言,10,15,10_15,狼人,,,,,,,,,,,,,,,
1462,3073.08,3073.92,0.84,8号踩的是9号,10,15,10_15,狼人,,,,,,,,,,,,,,,
1463,3073.92,3074.88,0.96,他觉得八跟九不是同伴,10,15,10_15,狼人,,,,,,,,,,,,,,,
1464,3074.88,3076.319,1.439,觉得8号是一个好人,10,15,10_15,狼人,,,,,,,,,,,,,,,
1465,3076.319,3078.679,2.36,7号发言呢虽然保的是11号,10,15,10_15,狼人,,,,,,,,,,,,,,,
1466,3078.679,3080.84,2.161,但是他觉得七呢也不是特别像狼,10,15,10_15,狼人,,,,,,,,,,,,,,,
1467,3080.84,3082.24,1.4,所以他说七八十都是好人,10,15,10_15,狼人,,,,,,,,,,,,,,,
1468,3082.24,3083.32,1.08,所以后面有很多狼,10,15,10_15,狼人,,,,,,,,,,,,,,,
1469,3083.32,3085.66,2.34,所以踩的是四跟十逻辑线非常非常连贯呀,10,15,10_15,狼人,,,,,,,,,,,,,,,
1470,3085.66,3086.32,0.66,而他是狼,10,15,10_15,狼人,,,,,,,,,,,,,,,
1471,3086.32,3087.38,1.06,敢说7号是好人吗,10,15,10_15,狼人,,,,,,,,,,,,,,,
1472,3087.38,3089.06,1.68,7号说11号是好人,10,15,10_15,狼人,,,,,,,,,,,,,,,
1473,3089.06,3090.54,1.48,说8号十号都不是很像狼,10,15,10_15,狼人,,,,,,,,,,,,,,,
1474,3090.54,3091.779,1.239,说9号比较像预言家,10,15,10_15,狼人,,,,,,,,,,,,,,,
1475,3091.779,3093.299,1.52,那么5号如果是一个狼,10,15,10_15,狼人,,,,,,,,,,,,,,,
1476,3093.299,3093.859,0.56,听完七发言,10,15,10_15,狼人,,,,,,,,,,,,,,,
1477,3093.859,3094.819,0.96,敢说7号是一个好人,10,15,10_15,狼人,,,,,,,,,,,,,,,
1478,3094.819,3095.659,0.84,他现在说了7号是好人,10,15,10_15,狼人,,,,,,,,,,,,,,,
1479,3095.659,3097.259,1.6,7号还是会站边9号呀,10,15,10_15,狼人,,,,,,,,,,,,,,,
1480,3097.259,3098.73,1.471,所以我觉得五警上发言发的,10,15,10_15,狼人,,,,,,比较像,,,,,,,,,
1481,3098.73,3100.69,1.96,我觉得肯定比9号好一点,10,15,10_15,狼人,,,,,,,,,,,,,,,
1482,3100.69,3103.8,3.11,嗯这个他发言呢9号的发言,10,15,10_15,狼人,,,,,,,,,,,,,,,
1483,3103.8,3105.62,1.82,我觉得你应该怀疑8号呀,10,15,10_15,狼人,,,,,,,,,,,,,,,
1484,3105.62,3108.46,2.84,因为7号当时发言说看的11号是好人,10,15,10_15,狼人,,,,,,,,,,,,,,,
1485,3108.46,3110.72,2.26,并且说你像预言家,10,15,10_15,狼人,,,,,,,,,,,,,,,
1486,3110.72,3112.14,1.42,八是第一个说你不像预言家,10,15,10_15,狼人,,,,,,,,,,,,,,,
1487,3112.14,3114.95,2.81,你的视角里怎么可能8号一个字都不说呢对吧,10,15,10_15,狼人,,,,,,,,,,,,,,,
1488,3114.95,3115.75,0.8,8号又不是别人,10,15,10_15,狼人,,,,,,,,,,,,,,,
1489,3115.75,3116.71,0.96,8号说你不是预言家,10,15,10_15,狼人,,,,,,,,,,,,,,,
1490,3116.71,3118.31,1.6,你你难道直接说你能说8号是好人,10,15,10_15,狼人,,,,,,,,,,,,,,,
1491,3118.31,3118.93,0.62,验7号吗,10,15,10_15,狼人,,,,,,,,,,,,,,,
1492,3118.93,3119.79,0.86,这肯定不合理啊,10,15,10_15,狼人,,,,,,,,,,,,,,,
1493,3119.79,3123.21,3.42,所以但我也不能说9号肯定是悍跳,10,15,10_15,狼人,,,,,,,,,,,,,,,
1494,3123.21,3125.979,2.769,我是觉得9号的发言我觉得没有5号发的好,10,15,10_15,狼人,,,,,,,,,,,,,,,
1495,3125.979,3127.779,1.8,而且一警上发言也太像狼了吧,10,15,10_15,狼人,,像狼,,,,,,,,,,,,,
1496,3127.779,3128.819,1.04,所以12号踩完一号,10,15,10_15,狼人,,,,,,,,,,,,,,,
1497,3128.819,3129.779,0.96,其实我觉得12不算很像狼,10,15,10_15,狼人,,,,,,,,,,,,,,,
1498,3129.779,3132.67,2.891,而且5号的发言格式一是一个狼,10,15,10_15,狼人,,,,,,,,,,,,,,,
1499,3132.67,3134.67,2,他让一号跟4号牌推出局,10,15,10_15,狼人,,,,,,,,,,,,,,,
1500,3134.67,3136.78,2.11,12号是踩了一号的大铁狼,10,15,10_15,狼人,,,,,,,,,,,,,,,不像狼
1501,3136.78,3137.54,0.76,5号发言,10,15,10_15,狼人,,,,,,,,,,,,,,,
1502,3137.54,3138.58,1.04,他要说7号是好人,10,15,10_15,狼人,,,,,,,,,,,,,,,
1503,3138.58,3139.66,1.08,怀疑12号根本不合理,10,15,10_15,狼人,,,,,,,,,,,,,,,
1504,3139.66,3140.78,1.12,因为12号都踩了一号,10,15,10_15,狼人,,,,,,,,,,,,,,,
1505,3140.78,3142.09,1.31,他要说一是铁狼,10,15,10_15,狼人,,,,,,,,,,,,,,,
1506,3142.09,3143.09,1,他不如骗12号的票,10,15,10_15,狼人,,,,,,,,,,,,,,,
1507,3143.09,3144.17,1.08,他要说12还是狼,10,15,10_15,狼人,,,,,,,,,,,,,,,
1508,3144.17,3145.01,0.84,他说七是好人,10,15,10_15,狼人,,,,,,,,,,,,,,,
1509,3145.01,3146.45,1.44,这根本不不符合狼人格式的,10,15,10_15,狼人,,,,,,,,,,,,,,,
1510,3146.45,3147.31,0.86,发11号查杀,10,15,10_15,狼人,,,,,,,,,,,,,,,
1511,3147.31,3148.37,1.06,所以我觉得综上所述,10,15,10_15,狼人,,,,,,,,,,,,,,,
1512,3148.37,3150.219,1.849,5号比较像预言家,10,15,10_15,狼人,,,,,,,,,,,,,,,
1513,3150.219,3151.119,0.9,那现在投完票以后,10,15,10_15,狼人,,,,,,,,,,,,,,,
1514,3151.119,3152.059,0.94,3号是金水牌,10,15,10_15,狼人,,,,,,,,,,,,,,,
1515,3152.059,3153.359,1.3,6号呢我觉得不是很像狼,10,15,10_15,狼人,,,,,,,不像狼,,,,,,,,
1516,3153.359,3154.96,1.601,投给的是呃,10,15,10_15,狼人,,,,,,,,,,,,,,,
1517,3154.96,3156.46,1.5,5号二号投票真,10,15,10_15,狼人,,,,,,,,,,,,,,,
1518,3156.46,3157.9,1.44,但二警上其实我没有完全排队,10,15,10_15,狼人,,,,,,,,,,,,,,,
1519,3157.9,3158.62,0.72,那投完票以后,10,15,10_15,狼人,,,,,,,,,,,,,,,
1520,3158.62,3160.42,1.8,我觉得如果比方50元二应该不是狼,10,15,10_15,狼人,,,,,,,,,,,,,,,
1521,3160.42,3161.98,1.56,因为2号呢我觉得你的问题在于,10,15,10_15,狼人,,,,,,,,,,,,,,,
1522,3161.98,3163.56,1.58,你说7号八号警上都是好人,10,15,10_15,狼人,,,,,,,,,,,,,,,
1523,3163.56,3164.86,1.3,八跟七警上交的边都不一样,10,15,10_15,狼人,,,,,,,,,,,,,,,
1524,3164.86,3166.42,1.56,你很我觉得很难说七八都是好人,10,15,10_15,狼人,,,,,,,,,,,,,,,
1525,3166.42,3167.49,1.07,但是你现在投给5号,10,15,10_15,狼人,,,,,,,,,,,,,,,
1526,3167.49,3168.45,0.96,我现在觉得5号有言,10,15,10_15,狼人,,,,,,,,,,,,,,,
1527,3168.45,3169.55,1.1,我不会说2号是狼,10,15,10_15,狼人,,,,,,,,,,,,,,,
1528,3169.55,3170.69,1.14,所以2号三号都是好人,10,15,10_15,狼人,,,好人,好人,,,,,,,,,,,
1529,3170.69,3172.95,2.26,但是4号警上我也没觉得很像狼,10,15,10_15,狼人,,,,,,,,,,,,,,,
1530,3172.95,3176.84,3.89,因为4号呢警上当然八说我9号是一个呃,10,15,10_15,狼人,,,,,,,,,,,,,,,
1531,3176.84,3177.96,1.12,说9号扣分嘛,10,15,10_15,狼人,,,,,,,,,,,,,,,
1532,3177.96,3179.18,1.22,四说八也是好人,10,15,10_15,狼人,,,,,,,,,,,,,,,
1533,3179.18,3180.6,1.42,那我觉得四是狼也未必做,10,15,10_15,狼人,,,,,,,,,,,,,,,
1534,3180.6,3182.17,1.57,做9号同伴能说八是好人,10,15,10_15,狼人,,,,,,,,,,,,,,,
1535,3182.17,3183.25,1.08,所以目前听完发言呢,10,15,10_15,狼人,,,,,,,,,,,,,,,
1536,3183.25,3186.84,3.59,我给的狼坑就是一号7号九号11号好吧,10,15,10_15,狼人,,,,,,,,,,,,,,,
1537,3186.84,3189.2,2.36,但是呢由于4号和12号我都没觉得很像狼,10,15,10_15,狼人,,,,,不像狼,,,,,,,,,,
1538,3189.2,3190.68,1.48,所以4号12号投给9号,10,15,10_15,狼人,,,,,,,,,,,,,,,
1539,3190.68,3191.32,0.64,我再听一下,10,15,10_15,狼人,,,,,,,,,,,,,,,
1540,3191.32,3192.68,1.36,但是我现在交边肯定这么叫嘛,10,15,10_15,狼人,,,,,,,,,,,,,,,
1541,3192.68,3193.4,0.72,因为我觉得5号发言,10,15,10_15,狼人,,,,,,,,,,,,,,,
1542,3193.4,3195.55,2.15,其实比9号发发的稍微好一点,10,15,10_15,狼人,,,,,,,,,,,,,,,
1543,3195.55,3197.19,1.64,好吧嗯再听一下,10,15,10_15,狼人,,,,,,,,,,,,,,,
1544,3197.19,3200.56,3.37,比方说8号四号12号发言,10,15,10_15,狼人,,,,,,,,,,,,,,,
1545,3200.56,3201.6,1.04,因为他们都投给了9号,10,15,10_15,狼人,,,,,,,,,,,,,,,
1547,3204.44,3206.12,1.68,听完10号玩家发言,11,16,11_16,狼人,,,,,,,,,,,,,,,
1548,3206.12,3209.08,2.96,我对10号玩家发言应该是有两个核心问题吗,11,16,11_16,狼人,,,,,,,,,,,发言有问题,,,,
1549,3209.08,3210.7,1.62,第一个核心问题是井上,11,16,11_16,狼人,,,,,,,,,,,,,,,
1550,3210.7,3212.96,2.26,本来你看的6号11号都是好人,11,16,11_16,狼人,,,,,,,,,,,,,,,
1551,3212.96,3216.28,3.32,为什么6号11号没有二次复跟发言,11,16,11_16,狼人,,,,,,,,,,,,,,,
1552,3216.28,3218.54,2.26,五给11发完查杀六仍然是好人,11,16,11_16,狼人,,,,,,,,,,,,,,,
1553,3218.54,3219.96,1.42,11就变成狼了,11,16,11_16,狼人,,,,,,,,,,,,,,,
1554,3219.96,3220.87,0.91,第二点,11,16,11_16,狼人,,,,,,,,,,,,,,,
1555,3220.87,3223.71,2.84,你说九的视角在pk台上不进8号,11,16,11_16,狼人,,,,,,,,,,,,,,,
1556,3223.71,3225.43,1.72,八警上说的是前刚后放,11,16,11_16,狼人,,,,,,,,,,,,,,,
1557,3225.43,3226.59,1.16,他警上是没有放手,11,16,11_16,狼人,,,,,,,,,,,,,,,
1558,3226.59,3229.24,2.65,也就是说他警上的警徽是站边的,11,16,11_16,狼人,,,,,,,,,,,,,,,
1559,3229.24,3229.8,0.56,是9号,11,16,11_16,狼人,,,,,,,,,,,,,,,
1560,3229.8,3231.94,2.14,那么九视角为什么一定要进8号,11,16,11_16,狼人,,,,,,,,,,,,,,,
1561,3231.94,3234.3,2.36,既然你认为九的视角一定要进8号,11,16,11_16,狼人,,,,,,,,,,,,,,,
1562,3234.3,3236.06,1.76,那么警下pk台投完票,11,16,11_16,狼人,,,,,,,,,,,,,,,
1563,3236.06,3236.98,0.92,八投票给9号,11,16,11_16,狼人,,,,,,,,,,,,,,,
1564,3236.98,3239.06,2.08,为什么你认为狼坑是一号,11,16,11_16,狼人,,,,,,,,,,,,,,,
1565,3239.06,3241.5,2.44,7号九号11号视角不进8号呢,11,16,11_16,狼人,,,,,,,,,,,,,,,
1566,3241.5,3243.62,2.12,所以我觉得十发完言应该是狼吧,11,16,11_16,狼人,,,,,,,,,,,是狼,,,,
1567,3243.62,3245.069,1.449,我底牌是平民呀,11,16,11_16,狼人,,,,,,,,,,,,,,,
1568,3245.069,3247.189,2.12,所以在我自己的视角看完票型,11,16,11_16,狼人,,,,,,,,,,,,,,,
1569,3247.189,3250.229,3.04,我会觉得狼比较像2号五号六号十号呗,11,16,11_16,狼人,,,,,,,,,,,,,,,
1570,3250.229,3252.48,2.251,有可能坐位问子的位置是3号,11,16,11_16,狼人,,,,,,,,,,,,,,,
1571,3252.48,3255.34,2.86,因为井上其实三发完言就把混子一,11,16,11_16,狼人,,,,,,,,,,,,,,,
1572,3255.34,3256.9,1.56,就是直接说4号是混子,11,16,11_16,狼人,,,,,,,,,,,,,,,
1573,3256.9,3258.7,1.8,当时我是有一点生疑的,11,16,11_16,狼人,,,,,,,,,,,,,,,
1574,3258.7,3260.7,2,但因为三警上没有直接站边嘛,11,16,11_16,狼人,,,,,,,,,,,,,,,
1575,3260.7,3264.11,3.41,所以我当时没有觉得三一定是混子吧,11,16,11_16,狼人,,,,,,,,,,,,,,,
1576,3264.11,3265.43,1.32,但是二发完言之后,11,16,11_16,狼人,,,,,,,,,,,,,,,
1577,3265.43,3266.85,1.42,二说四也是混子,11,16,11_16,狼人,,,,,,,,,,,,,,,
1578,3266.85,3268.15,1.3,我当时想的是,11,16,11_16,狼人,,,,,,,,,,,,,,,
1579,3268.15,3270.38,2.23,我觉得2号四号有可能是同身份,11,16,11_16,狼人,,,,,,,,,,,,,,,
1580,3270.38,3272.42,2.04,因为正常我其实听完四的发言,11,16,11_16,狼人,,,,,,,,,,,,,,,
1581,3272.42,3274.04,1.62,我没有感受出来,11,16,11_16,狼人,,,,,,,,,,,,,,,
1582,3274.04,3275.26,1.22,四像混子,11,16,11_16,狼人,,,,,,,,,,,,,,,
1583,3275.26,3276.72,1.46,混四是混子,11,16,11_16,狼人,,,,,,,,,,,,,,,
1584,3276.72,3277.88,1.16,会混9号吗,11,16,11_16,狼人,,,,,,,,,,,,,,,
1585,3277.88,3278.98,1.1,我觉得很难吧,11,16,11_16,狼人,,,,,,,,,,,,,,,
1586,3278.98,3280.98,2,所以我当时四角也没有进入到这一点,11,16,11_16,狼人,,,,,,,,,,,,,,,
1587,3280.98,3282.82,1.84,二说四有可能混了九,11,16,11_16,狼人,,,,,,,,,,,,,,,
1588,3282.82,3283.9,1.08,三还给了个理由,11,16,11_16,狼人,,,,,,,,,,,,,,,
1589,3283.9,3286.52,2.62,说四说九是今天自己的幸运数字,11,16,11_16,狼人,,,,,,,,,,,,,,,
1590,3286.52,3289.06,2.54,我觉得当时三说完这个我是觉得是合理的,11,16,11_16,狼人,,,,,,,,,,,,,,,
1591,3289.06,3290.44,1.38,所以二说四是混子的时候,11,16,11_16,狼人,,,,,,,,,,,,,,,
1592,3290.44,3291.32,0.88,我没觉得特别合理,11,16,11_16,狼人,,,,,,,,,,,,,,,
1593,3291.32,3292.62,1.3,我当时觉得二跟四,11,16,11_16,狼人,,,,,,,,,,,,,,,
1594,3292.62,3294.86,2.24,因为其实我警上四站边确实比较笃定,11,16,11_16,狼人,,,,,,,,,,,,,,,
1595,3294.86,3297.61,2.75,我当时有可能视角会进入到4号,11,16,11_16,狼人,,,,,,,,,,,,,,,
1596,3297.61,3298.53,0.92,有可能是倒钩狼,11,16,11_16,狼人,,,,,,,,,,,,,,,
1597,3298.53,3299.27,0.74,所以我想的是,11,16,11_16,狼人,,,,,,,,,,,,,,,
1598,3299.27,3300.37,1.1,如果4号是倒钩狼,11,16,11_16,狼人,,,,,,,,,,,,,,,
1599,3300.37,3303.09,2.72,二就有可能是想把四身份做高的狼,11,16,11_16,狼人,,,,,,,,,,,,,,,
1600,3303.09,3304.45,1.36,我这是当时我警上的想法,11,16,11_16,狼人,,,,,,,,,,,,,,,
1601,3304.45,3305.21,0.76,但看完票型,11,16,11_16,狼人,,,,,,,,,,,,,,,
1602,3305.21,3308.24,3.03,我肯定跟pk台上9号的想法比较一致,11,16,11_16,狼人,,,,,,,,,,,,,,,
1603,3308.24,3311.01,2.77,我觉得我跟九的视角有很多相近的点,11,16,11_16,狼人,,,,,,,,,,,,,,,
1604,3311.01,3314.21,3.2,比如警上7号十号都直接说我是一个好人,11,16,11_16,狼人,,,,,,,,,,,,,,,
1605,3314.21,3316.41,2.2,5号的视角把10号直接保掉,11,16,11_16,狼人,,,,,,,,,,,,,,,
1606,3316.41,3319.09,2.68,视角甚至给到七有可能是好人,11,16,11_16,狼人,,,,,,,,,,,,,,,
1607,3319.09,3320.69,1.6,其实七警上保我的时候,11,16,11_16,狼人,,,,,,,,,,,,,,,
1608,3320.69,3321.93,1.24,我确实呢有一点困惑,11,16,11_16,狼人,,,,,,,,,,,,,,,
1609,3321.93,3323.96,2.03,我跟七玩游戏其实玩的不多,11,16,11_16,狼人,,,,,,,,,,,,,,,
1610,3323.96,3325.72,1.76,但上次我跟七玩游戏的时候,11,16,11_16,狼人,,,,,,,,,,,,,,,
1611,3325.72,3327.06,1.34,他拿了三把好人,11,16,11_16,狼人,,,,,,,,,,,,,,,
1612,3327.06,3328.6,1.54,那个我也是三把好人,11,16,11_16,狼人,,,,,,,,,,,,,,,
1613,3328.6,3330.12,1.52,然后他说了我是三把狼,11,16,11_16,狼人,,,,,,,,,,,,,,,
1614,3330.12,3332.77,2.65,所以七七这把警上直接说我是好人的时候,11,16,11_16,狼人,,,,,,,,,,,,,,,
1615,3332.77,3334.27,1.5,其实我是有申遗的,11,16,11_16,狼人,,,,,,,,,,,,,,,
1616,3334.27,3337.69,3.42,所以9pk台第一句说怀疑到七视角,11,16,11_16,狼人,,,,,,,,,,,,,,,
1617,3337.69,3338.73,1.04,第一视角近七的时候,11,16,11_16,狼人,,,,,,,,,,,,,,,
1618,3338.73,3341.05,2.32,我其实对九还挺满意的,11,16,11_16,狼人,,,,,,,,,,,,,,,
1619,3341.05,3342.33,1.28,所以这是我警上想法,11,16,11_16,狼人,,,,,,,,,,,,,,,
1620,3342.33,3344.67,2.34,但看完票型我是不怀疑这些位置,11,16,11_16,狼人,,,,,,,,,,,,,,,
1621,3344.67,3347.09,2.42,七应该就是敏职比较好的好人,11,16,11_16,狼人,,,,,,,,,,,,,,,
1622,3347.09,3350.8,3.71,然后其他我觉得其他我听完发言之后,11,16,11_16,狼人,,,,,,,,,,,,,,,
1623,3350.8,3352.46,1.66,没有什么特别要发的,11,16,11_16,狼人,,,,,,,,,,,,,,,
1624,3352.46,3353.28,0.82,因为警上,11,16,11_16,狼人,,,,,,,,,,,,,,,
1625,3353.28,3356.58,3.3,其实我本来对后置位的二一十二都很有困惑,11,16,11_16,狼人,,,,,,,,,,,,,,,
1626,3356.58,3358.1,1.52,因为五发完言之后,11,16,11_16,狼人,,,,,,,,,,,,,,,
1627,3358.1,3361.22,3.12,他说重点要进攻的位置是4号到4号到12号,11,16,11_16,狼人,,,,,,,,,,,,,,,
1628,3361.22,3362.02,0.8,在我这,11,16,11_16,狼人,,,,,,,,,,,,,,,
1629,3362.02,3363.1,1.08,在我自己的视角里,11,16,11_16,狼人,,,,,,,,,,,,,,,
1630,3363.1,3365.5,2.4,我当然觉得前置位会产多好人,11,16,11_16,狼人,,,,,,,,,,,,,,,
1631,3365.5,3367.54,2.04,后置位产5号玩家多匪徒同伴,11,16,11_16,狼人,,,,,,,,,,,,,,,
1632,3367.54,3368.7,1.16,不然他为什么会这样,11,16,11_16,狼人,,,,,,,,,,,,,,,
1633,3368.7,3370.28,1.58,公知后置位的牌警下,11,16,11_16,狼人,,,,,,,,,,,,,,,
1634,3370.28,3371.16,0.88,我的票也不要,11,16,11_16,狼人,,,,,,,,,,,,,,,
1635,3371.16,3372.58,1.42,所以我当时视角是这样的,11,16,11_16,狼人,,,,,,,,,,,,,,,
1636,3372.58,3373.98,1.4,然后我觉得一不是狼,11,16,11_16,狼人,,不是狼,,,,,,,,,,,,,
1637,3373.98,3375.99,2.01,因为我觉得一单点保六六,11,16,11_16,狼人,,,,,,,,,,,,,,,
1638,3375.99,3377.99,2,如果作为5号一号的匪徒同伴,11,16,11_16,狼人,,,,,,,,,,,,,,,
1639,3377.99,3379.51,1.52,六在警下肯定是要起冲的,11,16,11_16,狼人,,,,,,,,,,,,,,,
1640,3379.51,3380.91,1.4,一如果直接把六保掉,11,16,11_16,狼人,,,,,,,,,,,,,,,
1641,3380.91,3382.58,1.67,自己不是直接进入视角吗,11,16,11_16,狼人,,,,,,,,,,,,,,,
1642,3382.58,3384.4,1.82,所以我觉得一肯定不是一个狼,11,16,11_16,狼人,,,,,,,,,,,,,,,
1643,3384.4,3385.74,1.34,然后别的就没了,11,16,11_16,狼人,,,,,,,,,,,,,,,
1644,3385.74,3389.55,3.81,我反正目前给的狼坑就是2号五号六号十号,11,16,11_16,狼人,,,狼,,,狼,狼,,,,,,,,
1645,3389.55,3391.31,1.76,然后有可能3号是混子,11,16,11_16,狼人,,,,,,,,,,,,,,,
1646,3391.31,3393.54,2.23,具体我会再听一下呃,11,16,11_16,狼人,,,,,,,,,,,,,,,
1647,3393.54,3395.38,1.84,警上我自己听完九发言的时候,11,16,11_16,狼人,,,,,,,,,,,,,,,
1648,3395.38,3396.54,1.16,一开始没有特别认下,11,16,11_16,狼人,,,,,,,,,,,,,,,
1649,3396.54,3398.34,1.8,但我当时觉得3号九号同身份,11,16,11_16,狼人,,,,,,,,,,,,,,,
1650,3398.34,3401.7,3.36,原因是因为9号说我冲三是摸着狼去验的,11,16,11_16,狼人,,,,,,,,,,,,,,,
1652,3406.14,3408.38,2.24,谢谢大卫会员粉丝群的投食,12,17,12_17,狼人,,,,,,,,,,,,,,,
1653,3408.38,3409.88,1.5,谢谢大卫的洋洋宝贝,12,17,12_17,狼人,,,,,,,,,,,,,,,
1654,3409.88,3410.98,1.1,谢谢OKO,12,17,12_17,狼人,,,,,,,,,,,,,,,
1655,3410.98,3412.98,2,谢谢你们的投石,12,17,12_17,狼人,,,,,,,,,,,,,,,
1656,3413.959,3416.519,2.56,你以后要不跟在张扬的后面,12,17,12_17,狼人,,,,,,,,,,,,,,,
1657,3416.519,3418.21,1.691,你也注意一下,12,17,12_17,狼人,,,,,,,,,,,,,,,
1658,3418.61,3420.93,2.32,非常快非常快,12,17,12_17,狼人,,,,,,,,,,,,,,,
1659,3420.93,3422.05,1.12,像你这种焦点位置,12,17,12_17,狼人,,,,,,,,,,,,,,,
1660,3422.05,3424.02,1.97,你可以发言慢一点,12,17,12_17,狼人,,,,,,,,,,,,,,,
1661,3424.02,3424.92,0.9,对不对,12,17,12_17,狼人,,,,,,,,,,,,,,,
1662,3424.92,3425.66,0.74,如果你是好人的话,12,17,12_17,狼人,,,,,,,,,,,,,,,
1663,3425.66,3427.859,2.199,你要尽量的让大家认下来,12,17,12_17,狼人,,,,,,,,,,,,,,,
1664,3427.859,3430.179,2.32,哔哩叽里咕噜噼里啪啦,12,17,12_17,狼人,,,,,,,,,,,,,,,
1665,3430.179,3431.899,1.72,你这话我都没听听明白,12,17,12_17,狼人,,,,,,,,,,,,,,,
1666,3431.899,3434.73,2.831,你就叽里咕噜能不能慢一点,12,17,12_17,狼人,,,,,,,,,,,,,,,
1667,3435.33,3436.47,1.14,我投给九呢,12,17,12_17,狼人,,,,,,,,,,站边9,,,,,
1668,3436.47,3440.71,4.24,主要是因为我肯定是会对5号玩家要求比较高,12,17,12_17,狼人,,,,,,,,,,,,,,,
1669,3440.71,3442.35,1.64,我真的有点接受不了,12,17,12_17,狼人,,,,,,,,,,,,,,,
1670,3442.35,3446.69,4.34,你说警徽流验三验23号玩家警上发言,12,17,12_17,狼人,,,,,,,,,,,,,,,
1671,3446.69,3447.95,1.26,我记得没错的话,12,17,12_17,狼人,,,,,,,,,,,,,,,
1672,3447.95,3453.52,5.57,3号玩家说9号玩家的心路历程很不错,12,17,12_17,狼人,,,,,,,,,,,,,,,
1673,3453.52,3456.16,2.64,但是我确实看着11号玩家很像狼,12,17,12_17,狼人,,,,,,,,,,,,,,,
1674,3456.16,3457.84,1.68,我就算站边9号,12,17,12_17,狼人,,,,,,,,,,,,,,,
1675,3457.84,3460.66,2.82,我都觉得有可能5号跟11号是两个狼,12,17,12_17,狼人,,,,,,,,,,,,,,,
1676,3460.66,3464.24,3.58,也就是说3号玩家今天很有可能要投的人,12,17,12_17,狼人,,,,,,,,,,,,,,,
1677,3464.24,3465.27,1.03,就是11号,12,17,12_17,狼人,,,,,,,,,,,,,,,
1678,3465.27,3467.43,2.16,为什么还要验3号,12,17,12_17,狼人,,,,,,,,,,,,,,,
1679,3467.43,3468.87,1.44,而且三发完言以后,12,17,12_17,狼人,,,,,,,,,,,,,,,
1680,3468.87,3471.53,2.66,2号要说马上就说3号玩家是好人,12,17,12_17,狼人,,,,,,,,,,,,,,,
1681,3471.53,3474.09,2.56,为什么要3号二号一起验,12,17,12_17,狼人,,,,,,,,,,,,,,,
1682,3474.09,3477.88,3.79,以及你为什么说我那个发音是狼发出来的言,12,17,12_17,狼人,,,,,,,,,,,,,,,
1683,3478.16,3481.04,2.88,这个那我的我我的想法是,12,17,12_17,狼人,,,,,,,,,,,,,,,
1684,3481.04,3483.36,2.32,你为什么能够说出6号七号八号发牌,12,17,12_17,狼人,,,,,,,,,,,,,,,
1685,3483.36,3484.08,0.72,不能发三个狼,12,17,12_17,狼人,,,,,,,,,,,,,,,
1686,3484.08,3485,0.92,我的直观感受就是,12,17,12_17,狼人,,,,,,,,,,,,,,,
1687,3485,3487.51,2.51,你觉得这把这把这抽的,12,17,12_17,狼人,,,,,,,,,,,,,,,
1688,3487.51,3487.83,0.32,发,12,17,12_17,狼人,,,,,,,,,,,,,,,
1689,3487.83,3488.11,0.28,这,12,17,12_17,狼人,,,,,,,,,,,,,,,
1690,3488.11,3488.47,0.36,这,12,17,12_17,狼人,,,,,,,,,,,,,,,
1691,3488.47,3491.88,3.41,这这你这你这你这678里面发表了三个狼呗,12,17,12_17,狼人,,,,,,,,,,,,,,,
1692,3491.88,3492.28,0.4,对不对,12,17,12_17,狼人,,,,,,,,,,,,,,,
1693,3492.28,3493.36,1.08,我我听的就是这个意思啊,12,17,12_17,狼人,,,,,,,,,,,,,,,
1694,3493.36,3494.64,1.28,但是为什么不能呢,12,17,12_17,狼人,,,,,,,,,,,,,,,
1695,3494.64,3496.36,1.72,就是这个就是你的心路卫生,12,17,12_17,狼人,,,,,,,,,,,,,,,
1696,3496.36,3498.31,1.95,这让我听起来很怪,12,17,12_17,狼人,,,,,,,,,,,,,,,
1697,3498.79,3500.79,2,然后你警徽流验三验二,12,17,12_17,狼人,,,,,,,,,,,,,,,
1698,3500.79,3503.69,2.9,然后一号玩家你要跟4号玩家进内推,12,17,12_17,狼人,,,,,,,,,,,,,,,
1699,3503.69,3505.79,2.1,为什么12号玩家还在抗推位上,12,17,12_17,狼人,,,,,,,,,,,,,,,
1700,3505.79,3506.77,0.98,我都不太懂,12,17,12_17,狼人,,,,,,,,,,,,,,,
1701,3506.77,3507.89,1.12,9号玩家发言,12,17,12_17,狼人,,,,,,,,,,,,,,,
1702,3507.89,3509.45,1.56,我是觉得pk发言发的蛮好的,12,17,12_17,狼人,,,,,,,,,,,,,,,
1703,3509.45,3510.11,0.66,实话实说,12,17,12_17,狼人,,,,,,,,,,,,,,,
1704,3510.11,3511.05,0.94,你有点小瑕疵,12,17,12_17,狼人,,,,,,,,,,,,,,,
1705,3511.05,3514.11,3.06,保就是你对于我的定义我不是很开心吧,12,17,12_17,狼人,,,,,,,,,,,,,,,
1706,3514.11,3518.9,4.79,就说你说的意思就是哦因为五给11发查杀,12,17,12_17,狼人,,,,,,,,,,,,,,,
1707,3518.9,3520.74,1.84,所以六就必须是狼,12,17,12_17,狼人,,,,,,,,,,,,,,,
1708,3520.74,3521.44,0.7,六是狼,12,17,12_17,狼人,,,,,,,,,,,,,,,
1709,3521.44,3523.48,2.04,我大卫就必须一眼就能看出来,12,17,12_17,狼人,,,,,,,,,,,,,,,
1710,3523.48,3526.11,2.63,六或者是狼干嘛呀,12,17,12_17,狼人,,,,,,,,,,,,,,,
1711,3526.11,3527.15,1.04,对不对,12,17,12_17,狼人,,,,,,,,,,,,,,,
1712,3527.15,3528.77,1.62,你现在又不在行,12,17,12_17,狼人,,,,,,,,,,,,,,,
1713,3528.77,3531.67,2.9,小你对很多情况你不了解的呀,12,17,12_17,狼人,,,,,,,,,,,,,,,
1714,3531.67,3533.55,1.88,人现在在院校呀,12,17,12_17,狼人,,,,,,,,,,,,,,,
1715,3533.55,3535.47,1.92,我跟他很久没打过游戏了呀,12,17,12_17,狼人,,,,,,,,,,,,,,,
1716,3535.47,3537.29,1.82,很多情况搞不清楚的呀,12,17,12_17,狼人,,,,,,,,,,,,,,,
1717,3537.29,3539.21,1.92,啊为什么60狼我得看一眼,12,17,12_17,狼人,,,,,,,,,,,,,,,
1718,3539.21,3540.71,1.5,我就能看出看不出来的呀,12,17,12_17,狼人,,,,,,,,,,,,,,,
1719,3540.71,3541.17,0.46,对不对,12,17,12_17,狼人,,,,,,,,,,,,,,,
1720,3541.17,3542.279,1.109,是不是得听一下发言,12,17,12_17,狼人,,,,,,,,,,,,,,,
1721,3542.279,3542.719,0.44,对不对,12,17,12_17,狼人,,,,,,,,,,,,,,,
1722,3542.719,3544.479,1.76,你你反正我我不是很开心,12,17,12_17,狼人,,,,,,,,,,,,,,,
1723,3544.479,3545.479,1,除了不是很开心,12,17,12_17,狼人,,,,,,,,,,,,,,,
1724,3545.479,3547.45,1.971,我觉得你发言发的真的还行,12,17,12_17,狼人,,,,,,,,,,,,,,,
1725,3547.45,3548.93,1.48,因为7号玩家保过11,12,17,12_17,狼人,,,,,,,,,,,,,,,
1726,3548.93,3549.93,1,5号家没来过七,12,17,12_17,狼人,,,,,,,,,,,,,,,
1727,3549.93,3552.93,3,甚至8号的前杠后放5号家也没看到警徽流,12,17,12_17,狼人,,,,,,,,,,,,,,,
1728,3552.93,3554.05,1.12,还要验三验二,12,17,12_17,狼人,,,,,,,,,,,,,,,
1729,3554.05,3555.41,1.36,然后9号玩家,12,17,12_17,狼人,,,,,,,,,,,,,,,
1730,3555.41,3556.25,0.84,你说1.0呢,12,17,12_17,狼人,,,,,,,,,,,,,,,
1731,3556.25,3557.57,1.32,你说1.0不盘一也就算了,12,17,12_17,狼人,,,,,,,,,,,,,,,
1732,3557.57,3559.29,1.72,但是一号玩家警上我没有记错的话,12,17,12_17,狼人,,篡改发言,,,,,,,,,,,,,
1733,3559.29,3560.41,1.12,他篡改我的发言,12,17,12_17,狼人,,,,,,,,,,,,,,,
1734,3560.41,3561.93,1.52,保过6号玩家打过4号,12,17,12_17,狼人,,,,,,,,,,,,,,,
1735,3561.93,3562.69,0.76,7号站边,12,17,12_17,狼人,,,,,,,,,,,,,,,
1736,3562.69,3564.31,1.62,你可以是电费啊,12,17,12_17,狼人,,,,,,,,,,,,,,,
1737,3564.31,3564.69,0.38,很low,12,17,12_17,狼人,,,,,,,,,,,,,,,
1738,3564.69,3566.19,1.5,但是对吧,12,17,12_17,狼人,,,,,,,,,,,,,,,
1739,3566.19,3566.83,0.64,如果你是电费的话,12,17,12_17,狼人,,,,,,,,,,,,,,,
1740,3566.83,3568.2,1.37,很low对吧,12,17,12_17,狼人,,,,,,,,,,,,,,,
1741,3568.2,3569,0.8,我目前来讲,12,17,12_17,狼人,,,,,,,,,,,,,,,
1742,3569,3570.72,1.72,听完5号九号的发言,12,17,12_17,狼人,,,,,,,,,,,,,,,
1743,3570.72,3572.52,1.8,我觉得我可能真没9号吧,12,17,12_17,狼人,,,,,,,,,,,,,,,
1744,3572.52,3572.96,0.44,11号玩家,12,17,12_17,狼人,,,,,,,,,,,,,,,
1745,3572.96,3574,1.04,你说10号玩家是狼,12,17,12_17,狼人,,,,,,,,,,,,,,,
1746,3574,3575.13,1.13,先不着急呗,12,17,12_17,狼人,,,,,,,,,,,,,,,
1747,3575.13,3575.93,0.8,先不着急吧,12,17,12_17,狼人,,,,,,,,,,,,,,,
1748,3575.93,3577.25,1.32,一个个三国人不还反水了吗,12,17,12_17,狼人,,,,,,,,,,,,,,,
1749,3577.25,3578.21,0.96,三国人很难做混子吧,12,17,12_17,狼人,,,,,,,,,,,,,,,
1750,3578.21,3578.92,0.71,说实话,12,17,12_17,狼人,,,,,,,,,,,,,,,
1751,3578.92,3581.12,2.2,但井上如果说警下就可以表明站边啊,12,17,12_17,狼人,,,,,,,,,,,,,,,
1752,3581.12,3582.44,1.32,帮帮帮自己的榜样拿到,12,17,12_17,狼人,,,,,,,,,,,,,,,
1753,3582.44,3584.52,2.08,除非他混的人是后面的发,12,17,12_17,狼人,,,,,,,,,,,,,,,
1754,3584.52,3586.19,1.67,没发言的人很难吧,12,17,12_17,狼人,,,,,,,,,,,,,,,
1755,3586.19,3588.43,2.24,其实后面2号玩家觉得搞不清楚,12,17,12_17,狼人,,,,,,,,,,,,,,,
1756,3588.43,3589.31,0.88,一号玩家是站边九的,12,17,12_17,狼人,,,,,,,,,,,,,,,
1757,3589.31,3589.95,0.64,我没搞我,12,17,12_17,狼人,,,,,,,,,,,,,,,
1758,3589.95,3590.83,0.88,我也没叫站边,12,17,12_17,狼人,,,,,,,,,,,,,,,
1759,3590.83,3592.63,1.8,所以3号要混的人只能在二一十二,12,17,12_17,狼人,,,,,,,,,,,,,,,
1760,3592.63,3594.05,1.42,但是我们三个人都没有,12,17,12_17,狼人,,,,,,,,,,,,,,,
1761,3594.05,3594.89,0.84,除了一号玩家以外,12,17,12_17,狼人,,,,,,,,,,,,,,,
1762,3594.89,3595.89,1,交的是9号人的边,12,17,12_17,狼人,,,,,,,,,,,,,,,
1763,3595.89,3597.2,1.31,三人又又没投给九,12,17,12_17,狼人,,,,,,,,,,,,,,,
1764,3597.2,3598.42,1.22,这三可能做混子啊,12,17,12_17,狼人,,,,,,,,,,,,,,,
1765,3598.42,3599,0.58,急啥呀,12,17,12_17,狼人,,,,,,,,,,,,,,,
1766,3599,3599.84,0.84,听到3号的发言呗,12,17,12_17,狼人,,,,,,,,,,,,,,,
1767,3599.84,3601,1.16,你要是有自己独特的思想,12,17,12_17,狼人,,,,,,,,,,,,,,,
1768,3601,3602.12,1.12,我听听你发言好吧,12,17,12_17,狼人,,,,,,,,,,,,,,,
1770,3604.81,3608.66,3.85,我是一个很容易陷入自我怀疑的人,1,18,1_18,白神,,,,,,,,,,,,,,,
1771,3608.66,3611.1,2.44,就是大家发完言之后,1,18,1_18,白神,,,,,,,,,,,,,,,
1772,3611.1,3613.78,2.68,我觉得我警上发言发的这么差吗,1,18,1_18,白神,,,,,,,,,,,,,,,
1773,3613.78,3616.3,2.52,就没有一个人听得懂,1,18,1_18,白神,,,,,,,,,,,,,,,
1774,3616.94,3618.52,1.58,5号警上保了,1,18,1_18,白神,,,,,,,,,,,,,,,
1775,3618.52,3621,2.48,7号果,1,18,1_18,白神,,,,,,,,,,,,,,,
1776,3621,3622.7,1.7,耳朵出问题了,1,18,1_18,白神,,,,,,,,,,,,,,,
1777,3623.21,3625.17,1.96,那有可能真的是我耳朵出问题吧啦,1,18,1_18,白神,,,,,,,,,,,,,,,
1778,3625.17,3627.39,2.22,我篡改发言跟大家说个不好意思,1,18,1_18,白神,,,,,,,,,,,,,,,
1779,3627.39,3629.95,2.56,12号说我如果是一个垫飞狼很low,1,18,1_18,白神,,,,,,,,,,,,,,,
1780,3629.95,3631.43,1.48,那我如果是一个站对边的好人,1,18,1_18,白神,,,,,,,,,,,,,,,
1781,3631.43,3632.91,1.48,怎么办呢,1,18,1_18,白神,,,,,,,,,,,,,,,
1782,3634.54,3637.18,2.64,我觉得你不是狼呀,1,18,1_18,白神,,,,,,,,,,,,,不是狼,,
1783,3638.38,3640.14,1.76,预言家5号九号分辨,1,18,1_18,白神,,,,,,,,,,,,,,,
1784,3640.14,3642.77,2.63,我觉得5号很多逻辑都不能自洽,1,18,1_18,白神,,,,,,不好,,,,,,,,,
1785,3642.77,3644.49,1.72,10号警上保过6号,1,18,1_18,白神,,,,,,,,,,,,,,,
1786,3644.49,3644.89,0.4,11号,1,18,1_18,白神,,,,,,,,,,,,,,,
1787,3644.89,3646.17,1.28,5号警上给十好人,1,18,1_18,白神,,,,,,,,,,,,,,,
1788,3646.17,3647.19,1.02,我认为不合理,1,18,1_18,白神,,,,,,,,,,,,,,,
1789,3647.19,3648.34,1.15,这是第一点,1,18,1_18,白神,,,,,,,,,,,,,,,
1790,3648.34,3648.98,0.64,就是好,1,18,1_18,白神,,,,,,,,,,,,,,,
1791,3648.98,3649.62,0.64,我听错,1,18,1_18,白神,,,,,,,,,,,,,,,
1792,3649.62,3651.02,1.4,5号对7号身份定义了,1,18,1_18,白神,,,,,,,,,,,,,,,
1793,3651.02,3652.08,1.06,这一点是我错,1,18,1_18,白神,,,,,,,,,,,,,,,
1794,3652.08,3653.63,1.55,我放在旁边不聊,1,18,1_18,白神,,,,,,,,,,,,,,,
1795,3653.63,3654.63,1,5号的眼里,1,18,1_18,白神,,,,,,,,,,,,,,,
1796,3654.63,3656.07,1.44,9号11号双狼,1,18,1_18,白神,,,,,,,,,,,,,,,
1797,3656.07,3658.41,2.34,4号一号明天上pk,1,18,1_18,白神,,,,,,,,,,,,,,,
1798,3658.41,3660.55,2.14,那12号警上踩的一号,1,18,1_18,白神,,,,,,,,,,,,,,,
1799,3660.55,3662.51,1.96,12号为什么还有可能是一个狼,1,18,1_18,白神,,,,,,,,,,,,,,,
1800,3662.51,3664.06,1.55,我不理解啊,1,18,1_18,白神,,,,,,,,,,,,,,,
1801,3664.06,3665.76,1.7,我觉得这不是预言家视角,1,18,1_18,白神,,,,,,,,,,,,,,,
1802,3665.76,3667.82,2.06,8号前刚后放站边的9号,1,18,1_18,白神,,,,,,,,,,,,,,,
1803,3667.82,3670.63,2.81,为什么pk台5号的眼里没有8号这个号码,1,18,1_18,白神,,,,,,,,,,,,,,,
1804,3670.63,3672.43,1.8,这些发言是预言家牌吗,1,18,1_18,白神,,,,,,,,,,,,,,,
1805,3672.43,3673.62,1.19,我不认为啊,1,18,1_18,白神,,,,,,,,,,,,,,,
1806,3673.62,3677.64,4.02,10号警上发言说警下发言说投给五的原因,1,18,1_18,白神,,,,,,,,,,,,,,,
1807,3677.64,3679.84,2.2,确实5号发言略微有一些不足,1,18,1_18,白神,,,,,,,,,,,,,,,
1808,3679.84,3681.86,2.02,那10号就是狼牌呗,1,18,1_18,白神,,,,,,,,,,,狼,,,,
1809,3681.96,3683.52,1.56,嗯我是白神牌啊,1,18,1_18,白神,,跳白神,,,,,,,,,,,,,
1810,3683.52,3684.36,0.84,我投5号,1,18,1_18,白神,,,,,,,,,,,,,,,
1811,3684.36,3686.59,2.23,我觉得5号是悍跳狼嗯,1,18,1_18,白神,,,,,,狼,,,,,,,,,
1812,3686.59,3688.27,1.68,因为我警上有可能踩错7号了,1,18,1_18,白神,,,,狼混,,,,,,,,,,,
1813,3688.27,3690.47,2.2,7号现在票型更正出来是好人,1,18,1_18,白神,,,,,,,,,,,,,,,
1814,3690.47,3692.59,2.12,包括我警上呢其实视角有一点怀疑,1,18,1_18,白神,,,,,,,,,,,,,,,
1815,3692.59,3695.629,3.039,4号七号四号七号目前投的都是正票对吧,1,18,1_18,白神,,,,,,,,,,,,,,,
1816,3695.629,3697.269,1.64,所以我今天就提前把身份跳了,1,18,1_18,白神,,,,,,,,,,,,,,,
1817,3697.269,3698.949,1.68,因为我眼里3号疑似狼混牌,1,18,1_18,白神,,,,,,,,,,,,,,,
1818,3698.949,3700.549,1.6,我第一天就把身份立出来,1,18,1_18,白神,,,,,,,,,,,,,,,
1819,3700.549,3701.92,1.371,预言家外置位去验呗,1,18,1_18,白神,,,,,,,,,,,,,,,
1820,3701.92,3703,1.08,11号警下发言,1,18,1_18,白神,,,,,,,,,,,,好人,,,
1821,3703,3704,1,我觉得也是好人牌,1,18,1_18,白神,,,,,,,,,,,,,,,
1822,3704,3706.24,2.24,12号我觉得不是狼,1,18,1_18,白神,,,,,,,,,,,,,,,
1823,3706.24,3708,1.76,5号对12号身份的反复定义,1,18,1_18,白神,,,,,,,,,,,,,,,
1824,3708,3709.65,1.65,我觉得不是狼牌,1,18,1_18,白神,,,,,,,,,,,,,,,
1825,3709.73,3711.21,1.48,45号的pk台发言,1,18,1_18,白神,,,,,,,,,,,,,,,
1826,3711.21,3712.57,1.36,你看他眼里有多少个狼,1,18,1_18,白神,,,,,,,,,,,,,,,
1827,3712.57,3714.66,2.09,9号11号百两%个狼,1,18,1_18,白神,,,,,,,,,,,,,,,
1828,3714.66,3716.4,1.74,一号4号pk出一狼,1,18,1_18,白神,,,,,,,,,,,,,,,
1829,3716.4,3718.48,2.08,警徽流验3号二号疑似有狼,1,18,1_18,白神,,,,,,,,,,,,,,,
1830,3718.48,3719.62,1.14,12号打过一号,1,18,1_18,白神,,,,,,,,,,,,,,,
1831,3719.62,3721.11,1.49,12号还不排水,1,18,1_18,白神,,,,,,,,,,,,,,,
1832,3721.11,3723.13,2.02,那这世界上全是狼了,1,18,1_18,白神,,,,,,,,,,,,,,,
1833,3723.13,3725.46,2.33,就是一个好人都没有,1,18,1_18,白神,,,,,,,,,,,,,,,
1834,3725.46,3727.18,1.72,10号今天说我铁狼牌吗,1,18,1_18,白神,,,,,,,,,,,,,,,
1835,3727.18,3728.46,1.28,你收拾收拾走呗,1,18,1_18,白神,,,,,,,,,,,,,,,
1836,3728.46,3729.14,0.68,明天走呗,1,18,1_18,白神,,,,,,,,,,,,,,,
1837,3729.14,3730.9,1.76,警上还被10号唬住了呢,1,18,1_18,白神,,,,,,,,,,,,,,,
1838,3730.9,3732.18,1.28,觉得10号有身份的,1,18,1_18,白神,,,,,,,,,,,有身份,,,,
1839,3732.18,3734.23,2.05,10号说六十一两个好人,1,18,1_18,白神,,,,,,,,,,,,,,,
1840,3734.55,3735.41,0.86,就这样吧,1,18,1_18,白神,,,,,,,,,,,,,,,
1841,3735.41,3736.93,1.52,我觉得5号的视角,1,18,1_18,白神,,,,,,,,,,,,,,,
1842,3736.93,3739.31,2.38,包括给的身份都不是冤家牌啊,1,18,1_18,白神,,,,,,,,,,,,,,,
1843,3739.31,3740.61,1.3,我站边9号,1,18,1_18,白神,,,,,,,,,,站边9,,,,,
1844,3740.61,3742.07,1.46,我目前踩红狼,1,18,1_18,白神,,,,,,,,,,,,,,,
1845,3742.07,3745.029,2.959,我踩256 13号,1,18,1_18,白神,,,踩,,,,,,,,,,,,
1846,3745.029,3746.229,1.2,我觉得是混子牌外置,1,18,1_18,白神,,,,,,,,,,,,,,,
1847,3746.229,3747.349,1.12,我觉得都是好人,1,18,1_18,白神,,,,,,,,,,,,,,,
1849,3752.34,3754.38,2.04,我不是狼啊,2,19,2_19,混血儿,,,,,,,,,,,,,,,
1850,3754.38,3754.74,0.36,我是狼,2,19,2_19,混血儿,,,,,,,,,,,,,,,
1851,3754.74,3755.14,0.4,我跟你对,2,19,2_19,混血儿,,,,,,,,,,,,,,,
1852,3755.14,3755.9,0.76,跳白了呀对吧,2,19,2_19,混血儿,,,,,,,,,,,,,,,
1853,3755.9,3756.62,0.72,你咋点的,2,19,2_19,混血儿,,,,,,,,,,,,,,,
1854,3756.62,3758.7,2.08,狼是256 16号给你跳,2,19,2_19,混血儿,,,,,,,,,,,,,,,
1855,3758.7,3759.42,0.72,没啥信誉,2,19,2_19,混血儿,,,,,,,,,,,,,,,
1856,3759.42,3760.42,1,10号已经发过言了,2,19,2_19,混血儿,,,,,,,,,,,,,,,
1857,3760.42,3761.38,0.96,5号跳的预言家,2,19,2_19,混血儿,,,,,,,,,,,,,,,
1858,3761.38,3761.82,0.44,我是狼,2,19,2_19,混血儿,,,,,,,,,,,,,,,
1859,3761.82,3762.38,0.56,我给你跳,2,19,2_19,混血儿,,,,,,,,,,,,,,,
1860,3762.38,3762.98,0.6,对对,2,19,2_19,混血儿,,,,,,,,,,,,,,,
1861,3762.98,3763.46,0.48,跳白呀,2,19,2_19,混血儿,,,,,,,,,,,,,,,
1862,3763.46,3764.97,1.51,但我不是狼呀,2,19,2_19,混血儿,,,,,,,,,,,,,,,
1863,3765.21,3767.09,1.88,哦我自己警上听的发言,2,19,2_19,混血儿,,,,,,,,,,,,,,,
1864,3767.09,3769.72,2.63,我当时以为一号9号11号是三个狼,2,19,2_19,混血儿,,,,,,,,,,,,,,,
1865,3769.72,3771.56,1.84,因为我觉得一号是篡改发言的狼人,2,19,2_19,混血儿,,,,,,,,,,,,,,,
1866,3771.56,3772.48,0.92,其实后置位说过了,2,19,2_19,混血儿,,,,,,,,,,,,,,,
1867,3772.48,3774.28,1.8,因为一号确实篡改了5号的发言,2,19,2_19,混血儿,,,,,,,,,,,,,,,
1868,3774.28,3776.06,1.78,硬说4号七号是狼对吧,2,19,2_19,混血儿,,,,,,,,,,,,,,,
1869,3776.06,3777.78,1.72,哦说5号去打了7号,2,19,2_19,混血儿,,,,,,,,,,,,,,,
1870,3777.78,3779.3,1.52,所以4号七号可能是狼,2,19,2_19,混血儿,,,,,,,,,,,,,,,
1871,3779.3,3782.25,2.95,所以当时我以为一号是篡改发言的冲锋狼人,2,19,2_19,混血儿,,,,,,,,,,,,,,,
1872,3782.25,3784.69,2.44,然后呢在pk台上的时候呢,2,19,2_19,混血儿,,,,,,,,,,,,,,,
1873,3784.69,3786.05,1.36,我自己有考虑过,2,19,2_19,混血儿,,,,,,,,,,,,,,,
1874,3786.05,3788.9,2.85,我觉得9号发言倒是有觉得9号有点发言的,2,19,2_19,混血儿,,,,,,,,,,,,,,,
1875,3788.9,3791.82,2.92,问题是在于你既然已经听到了一号篡改发言了,2,19,2_19,混血儿,,,,,,,,,,,,,,,
1876,3791.82,3794.39,2.57,为什么顺着一号的思路去验7号,2,19,2_19,混血儿,,,,,,,,,,,,,,,
1877,3794.39,3798.31,3.92,你当时你都听出来一号有篡改发言的协议了,2,19,2_19,混血儿,,,,,,,,,,,,,,,
1878,3798.31,3800.75,2.44,你一号用改了的发言说七有可能是狼,2,19,2_19,混血儿,,,,,,,,,,,,,,,
1879,3800.75,3803.279,2.529,那你为什么还用他改了的发言,2,19,2_19,混血儿,,,,,,,,,,,,,,,
1880,3803.279,3804.719,1.44,跟着他的想法去说,2,19,2_19,混血儿,,,,,,,,,,,,,,,
1881,3804.719,3806.419,1.7,其有可能是狼军禁言7号,2,19,2_19,混血儿,,,,,,,,,,,,,,,
1882,3806.419,3809.11,2.691,所以当时可以九的9号不是特别像吗,2,19,2_19,混血儿,,,,,,,,,,,,,,,
1883,3809.11,3811.59,2.48,呃然后我听完这群发言过来,2,19,2_19,混血儿,,,,,,,,,,,,,,,
1884,3811.59,3812.63,1.04,首先我不是狼,2,19,2_19,混血儿,,,,,,,,,,,,,,,
1885,3812.63,3814.03,1.4,然后呢我也可以站错边,2,19,2_19,混血儿,,,,,,,,,,,,,,,
1886,3814.03,3815.11,1.08,我听完一的发言,2,19,2_19,混血儿,,,,,,,,,,,,,,,
1887,3815.11,3816.39,1.28,比如说一号本局真的是白,2,19,2_19,混血儿,,,,,,,,,,,,,,,
1888,3816.39,3817.75,1.36,我可以是那个站错边的好人,2,19,2_19,混血儿,,,,,,,,,,,,,,,
1889,3817.75,3821.67,3.92,因为我是听逻辑基点在于觉得一比较像狼啊,2,19,2_19,混血儿,,,,,,,,,,,,,,,
1890,3821.67,3823.87,2.2,我觉得一有可能是那个冲锋狼,2,19,2_19,混血儿,,,,,,,,,,,,,,,
1891,3823.87,3827.43,3.56,所以才就是给5号上票了,2,19,2_19,混血儿,,,,,,,,,,,,,,,
1892,3827.43,3828.87,1.44,然后呢我现在听完,2,19,2_19,混血儿,,,,,,,,,,,,,,,
1893,3828.87,3832.15,3.28,比如说我甚至有可能一号你是不是跳白垫飞呢,2,19,2_19,混血儿,,,,,,,,,,,,,,,
1894,3832.15,3835.25,3.1,比如说我现在想回头站边9号我可以站边9号,2,19,2_19,混血儿,,,,,,,,,,,,,,,
1895,3835.25,3837.51,2.26,我觉得一斗有可能是跳白神殿飞的,2,19,2_19,混血儿,,,,,,,,,,,,,,,
1896,3837.51,3838.59,1.08,跟你有什么关系啊,2,19,2_19,混血儿,,,,,,,,,,,,,,,
1897,3838.59,3841.14,2.55,你跳个白跳,2,19,2_19,混血儿,,,,,,,,,,,,,,,
1898,3841.14,3843.7,2.56,白说出5号,2,19,2_19,混血儿,,,,,,,,,,,,,,,
1899,3843.7,3844.9,1.2,我觉得狼坑,2,19,2_19,混血儿,,,,,,,,,,,,,,,
1900,3844.9,3846.86,1.96,当时如果站边9号的话,2,19,2_19,混血儿,,,,,,,,,,,,,,,
1901,3846.86,3848.08,1.22,我觉得狼有点像,2,19,2_19,混血儿,,,,,,,,,,,,,,,
1902,3848.08,3849.5,1.42,就我自己底牌是好人吗,2,19,2_19,混血儿,,,,,,,,,,,,,,,
1903,3849.5,3850.86,1.36,那么五六十一呃,2,19,2_19,混血儿,,,,,,,,,,,,,,,
1904,3850.86,3854.68,3.82,56556诶,2,19,2_19,混血儿,,,,,,,,,,,,,,,
1905,3854.68,3855.74,1.06,5号六号,2,19,2_19,混血儿,,,,,,,,,,,,,,,
1906,3855.74,3857.18,1.44,你们点的是2号,2,19,2_19,混血儿,,,,,,,,,,,,,,,
1907,3857.18,3860.16,2.98,5号六号十号,2,19,2_19,混血儿,,,,,,,,,,,,,,,
1908,3860.16,3862.72,2.56,5号六号十号可以是三个狼对吧,2,19,2_19,混血儿,,,,,,,,,,,,,,,
1909,3862.72,3863.84,1.12,但我自己底牌不是狼,2,19,2_19,混血儿,,,,,,,,,,,,,,,
1910,3863.84,3865.33,1.49,那么一定有一个倒钩狼,2,19,2_19,混血儿,,,,,,,,,,,,,,,
1911,3865.33,3866.81,1.48,有倒钩狼的情况下,2,19,2_19,混血儿,,,,,,,,,,,,,,,
1912,3866.81,3867.69,0.88,你反正你这个跳白,2,19,2_19,混血儿,,,,,,,,,,,,,,,
1913,3867.69,3868.75,1.06,我现在不知道你是不是发,2,19,2_19,混血儿,,,,,,,,,,,,,,,
1914,3868.75,3870.49,1.74,听听后面的发言再说嘛,2,19,2_19,混血儿,,,,,,,,,,,,,,,
1915,3873.56,3876.36,2.8,啧所以如果一号是单边白的话,2,19,2_19,混血儿,,,,,,,,,,,,,,,
1916,3876.36,3878.62,2.26,我会考虑考虑一下好吧,2,19,2_19,混血儿,,,,,,,,,,,,,,,
1917,3878.62,3883.57,4.95,然后这就是我警上为什么没有给九上票的原因,2,19,2_19,混血儿,,,,,,,,,,,,,,,
1918,3883.57,3886.52,2.95,但是我现在听完发言确实10号很像狼,2,19,2_19,混血儿,,,,,,,,,,,像狼,,,,
1919,3886.52,3888.32,1.8,11号虽然打我了,2,19,2_19,混血儿,,,,,,,,,,,,,,,
1920,3888.32,3889.56,1.24,但11号也可以打错我吗,2,19,2_19,混血儿,,,,,,,,,,,,,,,
1921,3889.56,3890.54,0.98,毕竟我投了匪票,2,19,2_19,混血儿,,,,,,,,,,,,,,,
1922,3890.54,3891.24,0.7,11号是好人,2,19,2_19,混血儿,,,,,,,,,,,,,,,
1923,3891.24,3892.32,1.08,也可以打错我对吧,2,19,2_19,混血儿,,,,,,,,,,,,,,,
1924,3892.32,3895.07,2.75,所以我觉得也没啥问题嗯,2,19,2_19,混血儿,,,,,,,,,,,,,,,
1925,3895.07,3897.25,2.18,那道格郎是谁呢,2,19,2_19,混血儿,,,,,,,,,,,,,,,
1926,3897.25,3898.69,1.44,比如说有对跳白的话,2,19,2_19,混血儿,,,,,,,,,,,,,,,
1927,3898.69,3901.83,3.14,我会考虑一号是那个电飞的那个白号,2,19,2_19,混血儿,,,,,,,,,,,,,,,
1928,3901.83,3902.97,1.14,电飞白的狼人啊,2,19,2_19,混血儿,,,,,,,,,,,,,,,
1929,3902.97,3905.95,2.98,因为井上一的发言真的没有觉得像好人,2,19,2_19,混血儿,,,,,,,,,,,,,,,
1930,3905.95,3908.47,2.52,这完全是改了发言去站那边,2,19,2_19,混血儿,,,,,,,,,,,,,,,
1931,3908.47,3909.89,1.42,而且警下莫名其妙跳个白,2,19,2_19,混血儿,,,,,,,,,,,,,,,
1932,3909.89,3912.87,2.98,又如果你你心目中的预言家拿警徽了,2,19,2_19,混血儿,,,,,,,,,,,,,,,
1933,3912.87,3914.26,1.39,需要你跳白吗,2,19,2_19,混血儿,,,,,,,,,,,,,,,
1934,3914.26,3915.62,1.36,就如果有对跳的话,2,19,2_19,混血儿,,,,,,,,,,,,,,,
1935,3915.62,3917.55,1.93,我会怀疑号是那个电费的白啊,2,19,2_19,混血儿,,,,,,,,,,,,,,,
1936,3917.55,3920.81,3.26,电飞白的狼人目前怎么想的,2,19,2_19,混血儿,,,,,,,,,,,,,,,
1937,3920.81,3922.55,1.74,然后我的心里程说完了,2,19,2_19,混血儿,,,,,,,,,,,,,,,
1938,3922.55,3925.07,2.52,就43号四号你们现在3号都是3号,2,19,2_19,混血儿,,,,,,,,,,,,,,,
1939,3925.07,3925.59,0.52,是混子吗,2,19,2_19,混血儿,,,,,,,,,,,,,,,
1940,3925.59,3927.005,1.415,来听听呗,2,19,2_19,混血儿,,,,,,,,,,,,,,,
1941,3927.64,3929.12,1.48,哦可能投错票了,2,19,2_19,混血儿,,,,,,,,,,,,,,,
1942,3929.12,3930,0.88,听完一圈发言下来,2,19,2_19,混血儿,,,,,,,,,,,,,,,
1943,3930,3931.24,1.24,因为觉得十比较像狼,2,19,2_19,混血儿,,,,,,,,,,,,,,,
1944,3931.24,3931.92,0.68,11还行,2,19,2_19,混血儿,,,再听听,,,,,,,,,还行,,,
1945,3931.92,3934.52,2.6,不是很像,2,19,2_19,混血儿,,,,,,,,,,,,,,,
1947,3937.3,3938.42,1.12,我是好人牌,3,20,3_20,平民,,,,,,,,,,,,,,,
1948,3938.42,3940.31,1.89,我不是混子牌啊,3,20,3_20,平民,,,,,,,,,,,,,,,
1949,3940.31,3941.87,1.56,首先你们站边9号,3,20,3_20,平民,,,,,,,,,,,,,,,
1950,3941.87,3944.05,2.18,你们也先别着急打死我嘛对吧,3,20,3_20,平民,,,,,,,,,,,,,,,
1951,3944.05,3946.18,2.13,我在你眼里充其量只是一个混,3,20,3_20,平民,,,,,,,,,,,,,,,
1952,3946.18,3947.86,1.68,我也没有狼的属性对吧,3,20,3_20,平民,,,,,,,,,,,,,,,
1953,3947.86,3950.22,2.36,毕竟他给我发的是金水,3,20,3_20,平民,,,,,,,,,,,,,,,
1954,3950.58,3952.06,1.48,一号是白神吗,3,20,3_20,平民,,,,,,,,,,,,,,,
1955,3952.06,3955.22,3.16,这么笃定井上他发言内容我听的特别清楚,3,20,3_20,平民,,,,,,,,,,,,,,,
1956,3955.22,3958.14,2.92,他说5号肯定不是预言家,3,20,3_20,平民,,,,,,,,,,,,,,,
1957,3958.46,3960.14,1.68,他用的是肯定不是,3,20,3_20,平民,,,,,,,,,,,,,,,
1958,3960.14,3961.74,1.6,我觉得这也太笃定了,3,20,3_20,平民,,,,,,,,,,,,,,,
1959,3961.74,3962.94,1.2,你都没听过11发言,3,20,3_20,平民,,,,,,,,,,,,,,,
1960,3962.94,3964.72,1.78,为什么这么肯定呢,3,20,3_20,平民,,,,,,,,,,,,,,,
1961,3964.72,3967.34,2.62,而且是改了别人发言再踩踩人,3,20,3_20,平民,,,,,,,,,,,,,,,
1962,3967.34,3969.84,2.5,所以我不觉得一一定是好人牌,3,20,3_20,平民,,,不一定是好人,,,,,,,,,,,,
1963,3969.84,3972.33,2.49,警上包括我听5号发言,3,20,3_20,平民,,,,,,,,,,,,,,,
1964,3972.33,3974.93,2.6,他给我感觉就是怀疑全世界这个也像狼,3,20,3_20,平民,,,,,,,,,,,,,,,
1965,3974.93,3976.57,1.64,那个有可能也是狼,3,20,3_20,平民,,,,,,,,,,,,,,,
1966,3976.57,3978.69,2.12,就感觉挺像挺敢采的,3,20,3_20,平民,,,,,,,,,,,,,,,
1967,3978.69,3981.61,2.92,就给我的感觉不是很像那种片感很足,3,20,3_20,平民,,,,,,,,,,,,,,,
1968,3981.61,3985.01,3.4,就是你们这片要开两到三个狼,3,20,3_20,平民,,,,,,,,,,,,,,,
1969,3985.01,3986.95,1.94,K谁谁谁,3,20,3_20,平民,,,,,,,,,,,,,,,
1970,3986.95,3988.73,1.78,你站边我怎么怎么样,3,20,3_20,平民,,,,,,,,,,,,,,,
1971,3988.73,3990.54,1.81,你还有可能是一个狼,3,20,3_20,平民,,,,,,,,,,,,,,,
1972,3990.54,3992.86,2.32,他发言那个言我其实能听懂呀,3,20,3_20,平民,,,,,,,,,,,,,,,
1973,3992.86,3994.69,1.83,他的意思就是678里面,3,20,3_20,平民,,,,,,,,,,,,,,,
1974,3994.69,3997.45,2.76,他希望能就比如说678好人居多,3,20,3_20,平民,,,,,,,,,,,,,,,
1975,3997.45,3998.49,1.04,他希望678能沉,3,20,3_20,平民,,,,,,,,,,,,,,,
1976,3998.49,3999.13,0.64,你帮他吗,3,20,3_20,平民,,,,,,,,,,,,,,,
1977,3999.13,4000.61,1.48,他其实警上的意思就是这样,3,20,3_20,平民,,,,,,,,,,,,,,,
1978,4000.61,4001.37,0.76,他的他就不好,3,20,3_20,平民,,,,,,,,,,,,,,,
1979,4001.37,4003.459,2.089,不想第一天验678发给我,3,20,3_20,平民,,,,,,,,,,,,,,,
1980,4003.459,4007.27,3.811,感觉我倒能听懂他的发言是我自己听完发言,3,20,3_20,平民,,,,,,,,,,,,,,,
1981,4007.27,4008.49,1.22,我是投给5号的,3,20,3_20,平民,,,,,,,,,,,,,,,
1982,4008.49,4009.43,0.94,听完11号发言,3,20,3_20,平民,,,,,,,,,,,,,,,
1983,4009.43,4011.31,1.88,我觉得11号发言发的也比较平啊,3,20,3_20,平民,,,,,,,,,,,,,,,
1984,4011.31,4014.15,2.84,就值得这么多人起来救他,3,20,3_20,平民,,,,,,,,,,,,,,,
1985,4014.15,4015.95,1.8,站边他的一个2号,3,20,3_20,平民,,,,,,,,,,,,,,,
1986,4015.95,4016.55,0.6,一个10号,3,20,3_20,平民,,,,,,,,,,,,,,,
1987,4016.55,4019.03,2.48,2号说他听完一号跳完白神之后,3,20,3_20,平民,,,,,,,,,,,,,,,
1988,4019.03,4022.06,3.03,听完10号很像一个狼要回头了,3,20,3_20,平民,,,,,,,,,,,,,,,
1989,4022.54,4025.26,2.72,10号他不回踩8号,3,20,3_20,平民,,,,,,,,,,,,,,,
1990,4025.7,4027.32,1.62,这跟5号是同伴吗,3,20,3_20,平民,,,,,,,,,,,,,,,
1991,4027.32,4028.66,1.34,所以我都没听出来啊,3,20,3_20,平民,,,,,,,,,,,,,,,
1992,4028.66,4029.66,1,所以我自己是好人,3,20,3_20,平民,,,,,,,,,,,,,,,
1993,4029.66,4031.06,1.4,我要再听一下啊,3,20,3_20,平民,,,,,,,,,,,,,,,
1994,4031.06,4032.82,1.76,反正目前听完11发言,3,20,3_20,平民,,,,,,,,,,,,,,,
1995,4032.82,4034.79,1.97,我是投11号的,3,20,3_20,平民,,,,,,,,,,,,狼,,,
1996,4035.08,4037.52,2.44,然后12号他说看完票型,3,20,3_20,平民,,,,,,,,,,,,,,,
1997,4037.52,4041.37,3.85,他还是比较大概率觉得九比较像预言家,3,20,3_20,平民,,,,,,,,,,,,,,,
1998,4041.37,4044.19,2.82,然后踩了就是警下踩的一号,3,20,3_20,平民,,,,,,,,,,,,,,,
1999,4044.19,4045.63,1.44,然后他警下看完票,3,20,3_20,平民,,,,,,,,,,,,,,,
2000,4045.63,4047.73,2.1,他也没有考虑过自己有没有可能搞错,3,20,3_20,平民,,,,,,,,,,,,,,,
2001,4047.73,4049.41,1.68,是我没听出来12是什么,3,20,3_20,平民,,,,,,,,,,,,,,,
2002,4049.41,4051.49,2.08,主要是我觉得一号跳白神跳的太怪了,3,20,3_20,平民,,,,,,,,,,,,,,,
2003,4051.49,4052.65,1.16,你知道吧,3,20,3_20,平民,,,,,,,,,,,,,,,
2004,4052.65,4056.29,3.64,就感觉好像他接查杀了就太笃定了,3,20,3_20,平民,,,,,,,,,,,,,,,
2005,4056.29,4058.58,2.29,笃定到让我觉得这么强,3,20,3_20,平民,,,,,,,,,,,,,,,
2006,4058.58,4059.86,1.28,直接跳白神,3,20,3_20,平民,,,,,,,,,,,,,,,
2007,4059.86,4061.64,1.78,坚定站边说,3,20,3_20,平民,,,,,,,,,,,,,,,
2008,4061.64,4062.26,0.62,我是混儿,3,20,3_20,平民,,,,,,,,,,,,,,,
2009,4062.26,4063.52,1.26,为什么我不能是站错好人,3,20,3_20,平民,,,,,,,,,,,,,,,
2010,4063.52,4064.9,1.38,你劝我回下头呢,3,20,3_20,平民,,,,,,,,,,,,,,,
2011,4064.9,4065.62,0.72,就是3号,3,20,3_20,平民,,,,,,,,,,,,,,,
2012,4065.62,4066.9,1.28,我没觉得你一定是狼对吧,3,20,3_20,平民,,,,,,,,,,,,,,,
2013,4066.9,4068.9,2,因为我发言我觉得发的比较中性吧,3,20,3_20,平民,,,,,,,,,,,,,,,
2014,4068.9,4070.02,1.12,就是没有说谁一定是谁,3,20,3_20,平民,,,,,,,,,,,,,,,
2015,4070.02,4072.34,2.32,一定不是是警徽票投给了5号,3,20,3_20,平民,,,,,,,,,,,,,,,
2016,4072.34,4073.58,1.24,而且我明确表达过,3,20,3_20,平民,,,,,,,,,,,,,,,
2017,4073.58,4075.17,1.59,我觉得11比较像一个狼,3,20,3_20,平民,,,,,,,,,,,,,,,
2018,4075.17,4077.01,1.84,你不存在我混了谁对吧,3,20,3_20,平民,,,,,,,,,,,,,,,
2019,4077.01,4078.89,1.88,所以我没觉得一定是白神牌,3,20,3_20,平民,,,,,,,,,,,,,,,
2020,4078.89,4080.12,1.23,但我自己不是,3,20,3_20,平民,,,,,,,,,,,,,,,
2021,4080.12,4081.16,1.04,我听一下呗,3,20,3_20,平民,,,,,,,,,,,,,,,
2022,4081.16,4082.28,1.12,听完大家自己投吧,3,20,3_20,平民,,,,,,,,,,,,,,,
2023,4082.28,4084.16,1.88,反正按照这个票型,3,20,3_20,平民,,,,,,,,,,,,,,,
2024,4084.16,4085.12,0.96,5号你得加油了,3,20,3_20,平民,,,,,,,,,,,,,,,
2025,4089.86,4091.28,1.42,他说听10号很像一个狼,3,20,3_20,平民,,,,,,,,,,,,,,,
2026,4091.28,4092.36,1.08,他要回头了,3,20,3_20,平民,,,,,,,,,,,,,,,
2027,4092.36,4093.24,0.88,然后一号跳了,3,20,3_20,平民,,,,,,,,,,,,,,,
2028,4093.24,4094.9,1.66,白神要强制你出局了,3,20,3_20,平民,,,,,,,,,,,,,,,
2029,4094.9,4097.84,2.94,好像除了6号应该没有什么人一定会帮你投了,3,20,3_20,平民,,,,,,,,,,,,,,,
2030,4097.84,4098.64,0.8,所以我听一下吧,3,20,3_20,平民,,,,,,,,,,,,,,,
2031,4098.64,4100.04,1.4,听完以后我自己投吧,3,20,3_20,平民,,,,,,,,,,,,,,,
2032,4100.04,4101.76,1.72,然后我自己确实是好人,3,20,3_20,平民,,,,,,,,,,,,,,,
2033,4101.76,4102.68,0.92,主要是11发言,3,20,3_20,平民,,,,,,,,,,,,,,,
2034,4102.68,4105.649,2.969,我也没觉得他发言就流畅到,3,20,3_20,平民,,,,,,,,,,,,,,,
2035,4105.649,4107.41,1.761,让我觉得他肯定是一个好人,3,20,3_20,平民,,,,,,,,,,,,,,,
2036,4107.41,4108.529,1.119,反正如果9号是预言家,3,20,3_20,平民,,,,,,,,,,,,,,,
2037,4108.529,4110.16,1.631,我也做不了狼嘛对吧,3,20,3_20,平民,,,,,,,,,,,,,,,
2038,4110.16,4112.62,2.46,就比如说如果本局游戏我是一个搞错的,3,20,3_20,平民,,,,,,,,,,,,,,,
2039,4112.62,4114.52,1.9,你们都是搞对的,3,20,3_20,平民,,,,,,,,,,,,,,,
2040,4114.52,4116.399,1.879,就是我可以再听,3,20,3_20,平民,,,,,,,,,,,,,,,
2041,4116.399,4117.02,0.621,我可以再改,3,20,3_20,平民,,,,,,,,,,,,,,,
2042,4117.02,4117.8,0.78,反正听完九成,3,20,3_20,平民,,,,,,,,,,,,,,,
2043,4117.8,4118.6,0.8,你大家自己投吧,3,20,3_20,平民,,,,,,,,,,,,,,,
2044,4118.6,4120.479,1.879,反正目前我听完发言之前,3,20,3_20,平民,,,,,,,,,,,,,,,
2045,4120.479,4122.738,2.259,我应该还是会投11号吧,3,20,3_20,平民,,,,,,,,,,,,,,,
2046,4122.738,4123.879,1.141,嗯就这样吧,3,20,3_20,平民,,,,,,,,,,,,,,,
2048,4127.63,4128.27,0.64,太绕了,4,21,4_21,平民,,,,,,,,,,,,,,,
2049,4128.27,4129.43,1.16,华仔我觉得啊,4,21,4_21,平民,,,,,,,,,,,,,,,
2050,4129.43,4130.55,1.12,你看一号要跳白,4,21,4_21,平民,,,,,,,,,,,,,,,
2051,4130.55,4134.45,3.9,你我3号四号七号八号随便谁跳个白,4,21,4_21,平民,,,,,,,,,,,,,,,
2052,4134.45,4135.91,1.46,又好像不知道去哪了,4,21,4_21,平民,,,,,,,,,,,,,,,
2053,4135.91,4137.859,1.949,是不是这道理呃,4,21,4_21,平民,,,,,,,,,,,,,,,
2054,4137.859,4140.618,2.759,一号玩家的发言主要是井上一段跟井上,4,21,4_21,平民,,,,,,,,,,,,,,,
2055,4140.618,4142.658,2.04,井下一段的两段起手发言的,4,21,4_21,平民,,,,,,,,,,,,,,,
2056,4142.658,4145.68,3.022,提前两句话是拉了一个状态的,4,21,4_21,平民,,,,,,,,,,,,,,,
2057,4145.68,4147.379,1.699,我觉得这是他的好人反应,4,21,4_21,平民,,,,,,,,,,,,,,,
2058,4147.379,4148.499,1.12,所以我觉得他是本,4,21,4_21,平民,,,,,,,,,,,,,,,
2059,4148.499,4150.059,1.56,我跟你们站边理由不一样,4,21,4_21,平民,,,,,,,,,,,,,,,
2060,4150.059,4151.979,1.92,我没觉得5号玩家这不这不行,4,21,4_21,平民,,,,,,,,,,,,,,,
2061,4151.979,4152.339,0.36,那不行,4,21,4_21,平民,,,,,,,,,,,,,,,
2062,4152.339,4152.959,0.62,发言不好,4,21,4_21,平民,,,,,,,,,,,,,,,
2063,4152.959,4155.17,2.211,我只是觉得9号玩家发言是他的预言家,4,21,4_21,平民,,,,,,,,,,站边9,,,,,
2064,4155.17,4156.63,1.46,所以站边的是九,4,21,4_21,平民,,,,,,,,,,,,,,,
2065,4156.63,4157.809,1.179,就是这样,4,21,4_21,平民,,,,,,,,,,,,,,,
2066,4157.809,4162.029,4.22,然后我觉得我觉得10号玩家如果是一个混的话,4,21,4_21,平民,,,,,,,,,,,,,,,
2067,4162.029,4162.988,0.959,独立第一个发言,4,21,4_21,平民,,,,,,,,,,,,,,,
2068,4162.988,4166.17,3.182,一定会靠自己抿的牌进行一番操作,4,21,4_21,平民,,,,,,,,,,,,,,,
2069,4166.17,4168.149,1.979,但你现在站的是我们的反边,4,21,4_21,平民,,,,,,,,,,,,,,,
2070,4168.149,4169.99,1.841,而且你是强势站边的,4,21,4_21,平民,,,,,,,,,,,,,,,
2071,4169.99,4171.83,1.84,你可能是晚上跟舞开过会,4,21,4_21,平民,,,,,,,,,,,,,,,
2072,4171.83,4173.52,1.69,他说他跳你就不动,4,21,4_21,平民,,,,,,,,,,,,,,,
2073,4173.52,4174.84,1.32,这是比较像的,4,21,4_21,平民,,,,,,,,,,,,,,,
2074,4174.84,4175.84,1,毕竟咱们边不一样,4,21,4_21,平民,,,,,,,,,,,,,,,
2075,4175.84,4176.56,0.72,还有就是鹏鹏,4,21,4_21,平民,,,,,,,,,,,,,,,
2076,4176.56,4177.6,1.04,你不可能听不出来,4,21,4_21,平民,,,,,,,,,,,,,,,
2077,4177.6,4178.969,1.369,二九是你,4,21,4_21,平民,,,,,,,,,,,,,,,
2078,4178.969,4181.509,2.54,你不可能在警上听不出九是或不是,4,21,4_21,平民,,,,,,,,,,,,,,,
2079,4181.509,4183.64,2.131,我就不说他是不是预言家了,4,21,4_21,平民,,,,,,,,,,,,,,,
2080,4183.64,4185.42,1.78,不可能你警上啥也没打,4,21,4_21,平民,,,,,,,,,,,,,,,
2081,4185.42,4187.18,1.76,你在那个位置后面只有11,4,21,4_21,平民,,,,,,,,,,,,,,,
2082,4187.18,4188.96,1.78,只有一跟十二两张牌,4,21,4_21,平民,,,,,,,,,,,,,,,
2083,4188.96,4190.639,1.679,你已经全清了,4,21,4_21,平民,,,,,,,,,,,,,,,
2084,4190.639,4191.279,0.64,对不对,4,21,4_21,平民,,,,,,,,,,,,,,,
2085,4191.279,4192.379,1.1,毕竟是龙王,4,21,4_21,平民,,,,,,,,,,,,,,,
2086,4192.379,4194.94,2.561,怎么龙王到大师赛突然就失效了,4,21,4_21,平民,,,,,,,,,,,,,,,
2087,4194.94,4196.68,1.74,然后那边10号也也是龙王,4,21,4_21,平民,,,,,,,,,,,,,,,
2088,4196.68,4197.4,0.72,不可能呀,4,21,4_21,平民,,,,,,,,,,,,,,,
2089,4197.4,4198.2,0.8,你两个龙王,4,21,4_21,平民,,,,,,,,,,,,,,,
2090,4198.2,4199.54,1.34,你们两个龙王都是好人,4,21,4_21,平民,,,,,,,,,,,,,,,
2091,4199.54,4200.389,0.849,不可能啊,4,21,4_21,平民,,,,,,,,,,,,,,,
2092,4200.389,4201.589,1.2,两个龙王都这样,4,21,4_21,平民,,,,,,,,,,,,,,,
2093,4201.589,4204.349,2.76,不可能不可能对吧,4,21,4_21,平民,,,,,,,,,,,,,,,
2094,4204.349,4208.429,4.08,所以所以就是至于六是混在警下,4,21,4_21,平民,,,,,,,,,,,,,,,
2095,4208.429,4209.889,1.46,我也不去盘这个东西了,4,21,4_21,平民,,,,,,,,,,,,,,,
2096,4209.889,4211.109,1.22,可以上警操作的呀,4,21,4_21,平民,,,,,,,,,,,,,,,
2097,4211.109,4211.66,0.551,对不对,4,21,4_21,平民,,,,,,,,,,,,,,,
2098,4211.66,4214.26,2.6,我是觉得你不是很像狼混的,4,21,4_21,平民,,,,,,,,,,,,,,,
2099,4214.26,4215.56,1.3,因为你也是没操作,4,21,4_21,平民,,,,,,,,,,,,,,,
2100,4215.56,4218.78,3.22,另外就是大卫大卫警上其实是没有沾边的,4,21,4_21,平民,,,,,,,,,,,,,,,
2101,4218.78,4220.8,2.02,井下呢虽然加了一些状态进去,4,21,4_21,平民,,,,,,,,,,,,,,,
2102,4220.8,4222.55,1.75,但实际上他站的是好人边,4,21,4_21,平民,,,,,,,,,,,,,,,
2103,4222.55,4225.03,2.48,那我觉得有理由怀疑七八里可能有个混呗,4,21,4_21,平民,,,,,,,,混,混,,,,,,
2104,4225.03,4225.87,0.84,那也是好人,4,21,4_21,平民,,,,,,,,,,,,,,,
2105,4225.87,4226.97,1.1,混无所谓,4,21,4_21,平民,,,,,,,,,,,,,,,
2106,4226.97,4228.95,1.98,我自己不是混对吧,4,21,4_21,平民,,,,,,,,,,,,,,,
2107,4228.95,4234.65,5.7,所以这个256十的坑大差不差吧,4,21,4_21,平民,,,狼,,,狼,狼,,,,狼,,,,
2108,4234.65,4235.17,0.52,对不对,4,21,4_21,平民,,,,,,,,,,,,,,,
2109,4235.17,4236.05,0.88,主要是张一阳,4,21,4_21,平民,,,,,,,,,,,,,,,
2110,4236.05,4237.57,1.52,他现在站的是五的边,4,21,4_21,平民,,,,,,,,,,,,,,,
2111,4237.57,4239.13,1.56,而且张益阳的发言呢,4,21,4_21,平民,,,,,,,,,,,,,,,
2112,4239.13,4241.07,1.94,其实警上明显进行了控制,4,21,4_21,平民,,,,,,,,,,,,,,,
2113,4241.07,4243.44,2.37,这跟他的好人想找狼,4,21,4_21,平民,,,,,,,,,,,,,,,
2114,4245.28,4249.6,4.32,狼混响操作以及士郎独立操作都不符合,4,21,4_21,平民,,,,,,,,,,,,,,,
2115,4249.6,4251.24,1.64,那什么东西约制了他呢,4,21,4_21,平民,,,,,,,,,,,,,,,
2116,4251.24,4252.5,1.26,晚上的会议呗,4,21,4_21,平民,,,,,,,,,,,,,,,
2117,4252.5,4254.27,1.77,我觉得是这样,4,21,4_21,平民,,,,,,,,,,,,,,,
2118,4254.27,4255.39,1.12,我觉得是这样,4,21,4_21,平民,,,,,,,,,,,,,,,
2119,4255.39,4257.59,2.2,至于有没有容错不好说,4,21,4_21,平民,,,,,,,,,,,,,,,
2120,4257.59,4259.43,1.84,因为11号玩家目前没有铁证,4,21,4_21,平民,,,,,,,,,,,,,,,
2121,4259.43,4260.55,1.12,一定是好人对吧,4,21,4_21,平民,,,,,,,,,,,,,,,
2122,4260.55,4263.78,3.23,另外一个一号玩家警上还打了一手四跟七,4,21,4_21,平民,,,,,,,,,,,,,,,
2123,4263.78,4264.38,0.6,对不对,4,21,4_21,平民,,,,,,,,,,,,,,,
2124,4264.38,4265.38,1,我觉得没有必要,4,21,4_21,平民,,,,,,,,,,,,,,,
2125,4265.38,4267.24,1.86,一号玩家在战术中是一个倒钩,4,21,4_21,平民,,,,,,,,,,,,,,,
2126,4267.24,4271.36,4.12,狼跳白后面有3478那么多牌对峙,4,21,4_21,平民,,,,,,,,,,,,,,,
2127,4271.36,4274.21,2.85,还要打占浅占九的,4,21,4_21,平民,,,,,,,,,,,,,,,
2128,4274.21,4276.82,2.61,强占强占九的四个浅占九的七,4,21,4_21,平民,,,,,,,,,,,,,,,
2129,4276.82,4277.94,1.12,这一号玩家是什么,4,21,4_21,平民,,,,,,,,,,,,,,,
2130,4277.94,4279.42,1.48,是哪个哪门子的战术的,4,21,4_21,平民,,,,,,,,,,,,,,,
2131,4279.42,4280.18,0.76,什么狼了,4,21,4_21,平民,,,,,,,,,,,,,,,
2132,4280.18,4280.74,0.56,还跳个白,4,21,4_21,平民,,,,,,,,,,,,,,,
2133,4280.74,4283.26,2.52,这不是他不是要起飞吗,4,21,4_21,平民,,,,,,,,,,,,,,,
2134,4283.26,4286.6,3.34,是不是道理大概是这样呗,4,21,4_21,平民,,,,,,,,,,,,,,,
2135,4286.6,4288.58,1.98,我们可以再听啊,4,21,4_21,平民,,,,,,,,,,,,,,,
2136,4288.58,4289.06,0.48,可以再听,4,21,4_21,平民,,,,,,,,,,,,,,,
2137,4289.06,4290.54,1.48,但目前来说就是这样,4,21,4_21,平民,,,,,,,,,,,,,,,
2138,4290.54,4292.44,1.9,还有什么要补充的话,4,21,4_21,平民,,,,,,,,,,,,,,,
2139,4292.44,4294.5,2.06,就是再听一下11发言呗,4,21,4_21,平民,,,,,,,,,,,,,,,
2140,4294.5,4295,0.5,好吧,4,21,4_21,平民,,,,,,,,,,,,,,,
2141,4295,4296,1,查杀归查杀,4,21,4_21,平民,,,,,,,,,,,,,,,
2142,4296,4296.809,0.809,再听一下,4,21,4_21,平民,,,,,,,,,,,,,,,
2143,4296.809,4298.449,1.64,但是我们肯定是站边投票的,4,21,4_21,平民,,,,,,,,,,,,,,,
2144,4298.449,4299.789,1.34,占九是只能投五的,4,21,4_21,平民,,,,,,,,,,,,,,,
2145,4299.789,4301.489,1.7,战五只能是投11的,4,21,4_21,平民,,,,,,,,,,,,,,,
2146,4301.489,4302.249,0.76,没有投了,4,21,4_21,平民,,,,,,,,,,,,,,,
2147,4302.249,4306,3.751,11说再听听11公共狼没有这个说法对吧,4,21,4_21,平民,,,,,,,,,,,,,,,
2148,4306.2,4306.92,0.72,就这样吧,4,21,4_21,平民,,,,,,,,,,,,,,,
2150,4311.65,4313.65,2,嗯我要反省一下自己,5,22,5_22,预言家,,,,,,,,,,,,,,,
2151,4313.65,4316.01,2.36,我回家要就是练习一下发言,5,22,5_22,预言家,,,,,,,,,,,,,,,
2152,4316.01,4321,4.99,我只能说就是我发言有可能跟大家是不同频的,5,22,5_22,预言家,,,,,,,,,,,,,,,
2153,4321,4322.82,1.82,就是我们不在一个频道里面,5,22,5_22,预言家,,,,,,,,,,,,,,,
2154,4322.82,4324,1.18,所以我要研究一下,5,22,5_22,预言家,,,,,,,,,,,,,,,
2155,4324,4327.01,3.01,就是比如说在场站错边的好人,5,22,5_22,预言家,,,,,,,,,,,,,,,
2156,4327.01,4329.21,2.2,他们比较适用于哪种发言,5,22,5_22,预言家,,,,,,,,,,,,,,,
2157,4329.21,4330.7,1.49,能够让他们搞对,5,22,5_22,预言家,,,,,,,,,,,,,,,
2158,4330.7,4332.74,2.04,因为预言家已经被你们打崩溃了,5,22,5_22,预言家,,,,,,,,,,,,,,,
2159,4332.74,4333.46,0.72,我是预言家,5,22,5_22,预言家,,,,,,,,,,,,,,,
2160,4333.46,4335.4,1.94,我验的是查杀牌,5,22,5_22,预言家,,,,,,,,,,,,,,,
2161,4335.4,4337.96,2.56,就是我发的是警下查杀,5,22,5_22,预言家,,,,,,,,,,,,,,,
2162,4337.96,4340.059,2.099,我都不需要11号的票,5,22,5_22,预言家,,,,,,,,,,,,,,,
2163,4340.059,4342.179,2.12,竟然能打到这种程度,5,22,5_22,预言家,,,,,,,,,,,,,,,
2164,4342.179,4343.379,1.2,所以我现在说一下,5,22,5_22,预言家,,,,,,,,,,,,,,,
2165,4343.379,4347.74,4.361,一号4号八号里面如果有好人可以回一下头吗,5,22,5_22,预言家,,,,,,,,,,,,,,,
2166,4347.74,4351.14,3.4,首先那个我我觉得我让一四上pk,5,22,5_22,预言家,,,,,,,,,,,,,,,
2167,4351.14,4352.1,0.96,应该没什么问题吧,5,22,5_22,预言家,,,,,,,,,,,,,,,
2168,4352.1,4353.719,1.619,他们两个能那么坚决,5,22,5_22,预言家,,,,,,,,,,,,,,,
2169,4353.719,4355.839,2.12,我自己呢是觉得是这样的,5,22,5_22,预言家,,,,,,,,,,,,,,,
2170,4355.839,4357.619,1.78,一号玩家警下发言说,5,22,5_22,预言家,,,,,,,,,,,,,,,
2171,4357.619,4360.11,2.491,大家都说他警上发言差,5,22,5_22,预言家,,,,,,,,,,,,,,,
2172,4360.11,4361.95,1.84,那么我我我想问一下,5,22,5_22,预言家,,,,,,,,,,,,,,,
2173,4361.95,4362.95,1,如果你是一个白神,5,22,5_22,预言家,,,,,,,,,,,,,,,
2174,4362.95,4366.47,3.52,你有没有想过大家觉得你警上发言差,5,22,5_22,预言家,,,,,,,,,,,,,,,
2175,4367.33,4369.389,2.059,你是为9号冲锋的,5,22,5_22,预言家,,,,,,,,,,,,,,,
2176,4369.389,4371.169,1.78,最后我竟然没有警徽,5,22,5_22,预言家,,,,,,,,,,,,,,,
2177,4371.169,4372.649,1.48,他们觉得你是狼站边,5,22,5_22,预言家,,,,,,,,,,,,,,,
2178,4372.649,4375.449,2.8,9号他们还能把票投给9号,5,22,5_22,预言家,,,,,,,,,,,,,,,
2179,4375.449,4376.389,0.94,你是白神,5,22,5_22,预言家,,,,,,,,,,,,,,,
2180,4376.389,4378.24,1.851,你是没有思考量的吗,5,22,5_22,预言家,,,,,,,,,,,,,,,
2181,4378.24,4379.88,1.64,我现在盘了一下狼坑,5,22,5_22,预言家,,,,,,,,,,,,,,,
2182,4379.88,4381.96,2.08,我觉得假设那个有站错边的好人,5,22,5_22,预言家,,,,,,,,,,,,,,,
2183,4381.96,4383.82,1.86,是不是在148里面啊,5,22,5_22,预言家,,,,,,,,,,,,,,,
2184,4383.82,4387.549,3.729,那么8号你的票型投出来不是逻辑匪吗,5,22,5_22,预言家,,,,,,,,,,,,,,,
2185,4387.549,4390.989,3.44,你是在我的团队牌里面的六八十十二,5,22,5_22,预言家,,,,,,,,,,,,,,,
2186,4390.989,4392.909,1.92,当时那种情况是大量产,5,22,5_22,预言家,,,,,,,,,,,,,,,
2187,4392.909,4394.349,1.44,我的同伴的区域,5,22,5_22,预言家,,,,,,,,,,,,,,,
2188,4394.349,4396.44,2.091,我觉得你应该考虑的出来吧,5,22,5_22,预言家,,,,,,,,,,,,,,,
2189,4396.44,4398.72,2.28,但是鉴于你很多年没有跟我玩了,5,22,5_22,预言家,,,,,,,,,,,,,,,
2190,4398.72,4399.64,0.92,我不想踩死你,5,22,5_22,预言家,,,,,,,,,,,,,,,
2191,4399.64,4401.79,2.15,因为这实在是我的天哪,5,22,5_22,预言家,,,,,,,,,,,,,,,
2192,4401.79,4403.87,2.08,我觉得那种怎么全都是狼混,5,22,5_22,预言家,,,,,,,,,,,,,,,
2193,4403.87,4406.95,3.08,一个游戏有多少个狼真的崩溃掉了呃,5,22,5_22,预言家,,,,,,,,,,,,,,,
2194,4406.95,4408.28,1.33,我说一下啊,5,22,5_22,预言家,,,,,,,,,,,,,,,
2195,4408.28,4411.16,2.88,首先那个大家说10号是狼对吧,5,22,5_22,预言家,,,,,,,,,,,,,,,
2196,4411.16,4412.42,1.26,警上没有人怀疑他,5,22,5_22,预言家,,,,,,,,,,,,,,,
2197,4412.42,4413.56,1.14,警下你们说他是狼,5,22,5_22,预言家,,,,,,,,,,,,,,,
2198,4413.56,4414.36,0.8,是因为站边,5,22,5_22,预言家,,,,,,,,,,,,,,,
2199,4414.36,4414.6,0.24,我,5,22,5_22,预言家,,,,,,,,,,,,,,,
2200,4414.6,4415.74,1.14,那么我剖析一下,5,22,5_22,预言家,,,,,,,,,,,,,,,
2201,4415.74,4418.58,2.84,首先打狼人杀这个游戏是要有战术的,5,22,5_22,预言家,,,,,,,,,,,,,,,
2202,4418.58,4420.42,1.84,如果派我出来悍跳,5,22,5_22,预言家,,,,,,,,,,,,,,,
2203,4420.42,4422.66,2.24,他说我觉得预言家能有警徽的,5,22,5_22,预言家,,,,,,,,,,,,,,,
2204,4422.66,4423.74,1.08,就是他是我的同伴,5,22,5_22,预言家,,,,,,,,,,,,,,,
2205,4423.74,4425.1,1.36,希望让我吃到警徽,5,22,5_22,预言家,,,,,,,,,,,,,,,
2206,4425.1,4427.21,2.11,他说61是好人对吧,5,22,5_22,预言家,,,,,,,,,,,,,,,
2207,4427.21,4428.57,1.36,那么我是一个狼,5,22,5_22,预言家,,,,,,,,,,,,,,,
2208,4428.57,4430.82,2.25,我为什么要给11号发查杀,5,22,5_22,预言家,,,,,,,,,,,,,,,
2209,4430.82,4432.14,1.32,他给我递话,5,22,5_22,预言家,,,,,,,,,,,,,,,
2210,4432.14,4433.48,1.34,我们今天去骗票,5,22,5_22,预言家,,,,,,,,,,,,,,,
2211,4433.48,4435.78,2.3,我有必要去给他发查杀吗,5,22,5_22,预言家,,,,,,,,,,,,,,,
2212,4435.78,4437.98,2.2,那么这场上有任何一个玩家,5,22,5_22,预言家,,,,,,,,,,,,,,,
2213,4437.98,4442.34,4.36,是在那个疑似对跳里面一定能站对边的吗,5,22,5_22,预言家,,,,,,,,,,,,,,,
2214,4442.34,4445.89,3.55,请问悍跳狼为什么要发查杀,5,22,5_22,预言家,,,,,,,,,,,,,,,
2215,4445.89,4446.89,1,这是第一,5,22,5_22,预言家,,,,,,,,,,,,,,,
2216,4446.89,4447.51,0.62,第二,5,22,5_22,预言家,,,,,,,,,,,,,,,
2217,4447.51,4448.65,1.14,我是一个预言家,5,22,5_22,预言家,,,,,,,,,,,,,,,
2218,4448.65,4450.33,1.68,验了查杀的情况下,5,22,5_22,预言家,,,,,,,,,,,,,,,
2219,4450.33,4452.45,2.12,竟然有那么多好人站不对边,5,22,5_22,预言家,,,,,,,,,,,,,,,
2220,4452.45,4453.63,1.18,你们觉得合理吗,5,22,5_22,预言家,,,,,,,,,,,,,,,
2221,4453.63,4455.88,2.25,12号我不得不质疑你,5,22,5_22,预言家,,,,,,,,,,,,,质疑,,
2222,4455.88,4457.44,1.56,我们的牌是抽的,5,22,5_22,预言家,,,,,,,,,,,,,,,
2223,4457.44,4461.08,3.64,你竟然一直说什么678不可能出三狼,5,22,5_22,预言家,,,,,,,,,,,,,,,
2224,4461.08,4463.19,2.11,你为什么一直要说这句话,5,22,5_22,预言家,,,,,,,,,,,,,,,
2225,4463.19,4465.75,2.56,现在大家说2568是四个狼,5,22,5_22,预言家,,,,,,,,,,,,,,,
2226,4465.75,4467.41,1.66,2号是不是一个狼,5,22,5_22,预言家,,,,,,,,,,,,,,,
2227,4467.41,4468.85,1.44,如果2号是一个狼,5,22,5_22,预言家,,,,,,,,,,,,,,,
2228,4468.85,4470.75,1.9,一号就是一张白神,5,22,5_22,预言家,,,,,,,,,,,,,,,
2229,4470.75,4472.69,1.94,他是狼要为我冲锋,5,22,5_22,预言家,,,,,,,,,,,,,,,
2230,4472.69,4474.37,1.68,他为什么不跳白神,5,22,5_22,预言家,,,,,,,,,,,,,,,
2231,4474.37,4477.42,3.05,所以二五是不是永远不可能是双匪,5,22,5_22,预言家,,,,,,,,,,,,,,,
2232,4477.42,4480.74,3.32,3号是9号明确发的好人牌,5,22,5_22,预言家,,,,,,,,,,,,,,,
2233,4480.74,4484.12,3.38,也也就是说他充其量在你们的视角,5,22,5_22,预言家,,,,,,,,,,,,,,,
2234,4484.12,4485.77,1.65,底牌是一张白牌,5,22,5_22,预言家,,,,,,,,,,,,,,,
2235,4485.77,4487.75,1.98,那么2号是狼会跳白神,5,22,5_22,预言家,,,,,,,,,,,,,,,
2236,4487.75,4490.98,3.23,他是不是即便是狼已经不可能是我的同伴了,5,22,5_22,预言家,,,,,,,,,,,,,,,
2237,4490.98,4494.3,3.32,那么请问这个场上的三匪结构只有三个狼吗,5,22,5_22,预言家,,,,,,,,,,,,,,,
2238,4494.3,4495.62,1.32,有四张红狼牌,5,22,5_22,预言家,,,,,,,,,,,,,,,
2239,4495.62,4498.459,2.839,5号六号十号只能是三个狼,5,22,5_22,预言家,,,,,,,,,,,,,,,
2240,4498.459,4500.059,1.6,你找不起我的同伴,5,22,5_22,预言家,,,,,,,,,,,,,,,
2241,4500.059,4500.499,0.44,是不是,5,22,5_22,预言家,,,,,,,,,,,,,,,
2242,4500.499,4501.819,1.32,我必须是预言家,5,22,5_22,预言家,,,,,,,,,,,,,,,
2243,4503.059,4505.35,2.291,我希望站错的好人可以回一下头,5,22,5_22,预言家,,,,,,,,,,,,,,,
2244,4505.35,4506.59,1.24,我现在已经不想点狼了,5,22,5_22,预言家,,,,,,,,,,,,,,,
2245,4506.59,4508.07,1.48,我根本搞不清楚谁是狼,5,22,5_22,预言家,,,,,,,,,,,,,,,
2246,4508.07,4509.59,1.52,你定义一下12号好吗,5,22,5_22,预言家,,,,,,,,,,,,,,,
2247,4509.59,4510.18,0.59,我真的,5,22,5_22,预言家,,,,,,,,,,,,,,,
2248,4510.18,4511.18,1,如果我出局了,5,22,5_22,预言家,,,,,,,,,,,,,,,
2249,4511.18,4513.02,1.84,麻烦女巫把6号毒走好吧,5,22,5_22,预言家,,,,,,,,,,,,,,,
2250,4513.02,4514.78,1.76,我就想叫她陪我一起出去,5,22,5_22,预言家,,,,,,,,,,,,,,,
2251,4514.78,4516.58,1.8,就是不要再坐在场上了,5,22,5_22,预言家,,,,,,,,,,,,,,,
2252,4516.58,4517.12,0.54,OK吗,5,22,5_22,预言家,,,,,,,,,,,,,,,
2253,4517.12,4518.65,1.53,一号阿宝,5,22,5_22,预言家,,,,,,,,,,,,,,,
2254,4518.65,4519.85,1.2,你是白神,5,22,5_22,预言家,,,,,,,,,,,,,,,
2255,4519.85,4521.17,1.32,能悬崖勒马吗,5,22,5_22,预言家,,,,,,,,,,,,,,,
2256,4521.17,4523.469,2.299,因为我觉得如果你是一个狼,5,22,5_22,预言家,,,,,,,,,,,,,,,
2257,4523.469,4526.629,3.16,你发这种言还跳白神真的很滑稽,5,22,5_22,预言家,,,,,,,,,,,,,,,
2258,4526.629,4527.029,0.4,你知道吧,5,22,5_22,预言家,,劝回头,,,,,,,,,,,,,
2259,4527.029,4528.609,1.58,就让白神站对边了,5,22,5_22,预言家,,,,,,,,,,,,,,,
2260,4528.609,4529.949,1.34,我不想踩死你,5,22,5_22,预言家,,,,,,,,,,,,,,,
2261,4529.949,4530.629,0.68,你是好人,5,22,5_22,预言家,,,,,,,,,,,,,,,
2262,4530.629,4531.879,1.25,请你回一下头,5,22,5_22,预言家,,,,,,,,,,,,,,,
2263,4531.879,4532.959,1.08,投11号,5,22,5_22,预言家,,,,,,,,,,,,,,,
2264,4532.959,4533.999,1.04,我再次说一下,5,22,5_22,预言家,,,,,,,,,,,,,,,
2265,4533.999,4535.91,1.911,我验的11号是查杀,5,22,5_22,预言家,,,,,,,,,,,,,,,
2266,4535.91,4537.93,2.02,跟9号是没有关系的好吗,5,22,5_22,预言家,,,,,,,,,,,,,,,
2267,4537.93,4539.69,1.76,站边我是投11号,5,22,5_22,预言家,,,,,,,,,,,,投11,,,
2268,4539.69,4541.03,1.34,非常感谢大家,5,22,5_22,预言家,,,,,,,,,,,,,,,
2269,4541.03,4543.21,2.18,我回家呢也会精进一下的啊,5,22,5_22,预言家,,,,,,,,,,,,,,,
2271,4546.09,4548.01,1.92,这这就崩溃了哈,6,23,6_23,平民,,,,,,,,,,,,,,,
2272,4548.01,4549.49,1.48,这才拿到哪呀,6,23,6_23,平民,,,,,,,,,,,,,,,
2273,4549.49,4551.61,2.12,呵呵这才哪到哪呀,6,23,6_23,平民,,,,,,,,,,,,,,,
2274,4551.61,4554.95,3.34,嗯嗯我不是白神啊,6,23,6_23,平民,,,,,,,不是白神,,,,,,,,
2275,4554.95,4557.01,2.06,所以那个一号你自己去想,6,23,6_23,平民,,,,,,,,,,,,,,,
2276,4557.01,4558.61,1.6,到这儿没有狼跟你对跳,6,23,6_23,平民,,,,,,,,,,,,,,,
2277,4558.61,4560.39,1.78,自自自己自己去考虑这个事,6,23,6_23,平民,,,,,,,,,,,,,,,
2278,4560.39,4561.67,1.28,但是我觉得没没得劝架,6,23,6_23,平民,,,,,,,,,,,,,,,
2279,4561.67,4564.56,2.89,我本来想劝7号和8号里面的好人回个头,6,23,6_23,平民,,,,,,,,,,,,,,,
2280,4564.56,4565.72,1.16,但我算了一下票没用啊,6,23,6_23,平民,,,,,,,,,,,,,,,
2281,4565.72,4567.66,1.94,因为只要一号和4号的票跟着他们走,6,23,6_23,平民,,,,,,,,,,,,,,,
2282,4567.66,4568.8,1.14,他们已经6.5票了,6,23,6_23,平民,,,,,,,,,,,,,,,
2283,4568.8,4570.48,1.68,我们有什么好劝的呢,6,23,6_23,平民,,,,,,,,,,,,,,,
2284,4570.48,4571.84,1.36,有什么好劝的吗,6,23,6_23,平民,,,,,,,,,,,,,,,
2285,4571.84,4573.56,1.72,井上他们发完言以后就没了呀,6,23,6_23,平民,,,,,,,,,,,,,,,
2286,4573.56,4574.52,0.96,4号玩家站边,6,23,6_23,平民,,,,,,,,,,,,,,,
2287,4574.52,4576.66,2.14,理由是因为9号是预言家,6,23,6_23,平民,,,,,,,,,,,,,,,
2288,4576.66,4577.6,0.94,所以我不站边,6,23,6_23,平民,,,,,,,,,,,,,,,
2289,4577.6,4580.049,2.449,5号哪怕他的发言更再好,6,23,6_23,平民,,,,,,,,,,,,,,,
2290,4580.99,4582.55,1.56,我只能说他是个混子对吧,6,23,6_23,平民,,,,,,,,,,,,,,,
2291,4582.55,4584.87,2.32,那他只能是他混了9号才能发出这样言吗,6,23,6_23,平民,,,,,,,,,,,,,,,
2292,4584.87,4585.23,0.36,不然呢,6,23,6_23,平民,,,,,,,,,,,,,,,
2293,4585.23,4587.91,2.68,不然他坐在这里靠猜玩游戏的吗,6,23,6_23,平民,,,,,,,,,,,,,,,
2294,4588.44,4590.08,1.64,一号玩家说了一句,6,23,6_23,平民,,,,,,,,,,,,,,,
2295,4590.08,4593.08,3,他说呃5号给11号发查杀,6,23,6_23,平民,,,,,,,,,,,,,,,
2296,4593.08,4595.28,2.2,六也有可能是好人,6,23,6_23,平民,,,,,,,,,,,,,,,
2297,4596.02,4597.26,1.24,就是他不要票了呗,6,23,6_23,平民,,,,,,,,,,,,,,,
2298,4597.26,4599.35,2.09,就是他默认我会投错票,6,23,6_23,平民,,,,,,,,,,,,,,,
2299,4599.35,4601.07,1.72,就就他发的言,6,23,6_23,平民,,,,,,,,,,,,,,,
2300,4601.07,4601.99,0.92,我是一句听不懂,6,23,6_23,平民,,,,,,,,,,,,,,,
2301,4601.99,4602.75,0.76,12号起来说,6,23,6_23,平民,,,,,,,,,,,,,,,
2302,4602.75,4603.19,0.44,一号玩家,6,23,6_23,平民,,,,,,,,,,,,,,,
2303,4603.19,4606.21,3.02,你大篡改噼里啪啦全部都篡改完了,6,23,6_23,平民,,,,,,,,,,,,,,,
2304,4606.21,4607.41,1.2,你有可能是好人哦,6,23,6_23,平民,,,,,,,,,,,,,,,
2305,4607.41,4608.61,1.2,他不能是冲锋狼啊,6,23,6_23,平民,,,,,,,,,,,,,,,
2306,4608.61,4609.71,1.1,他一定是好人,6,23,6_23,平民,,,,,,,,,,,,,,,
2307,4609.71,4611.09,1.38,你能当好人啊,6,23,6_23,平民,,,,,,,,,,,,,,,
2308,4611.09,4611.45,0.36,何大伟,6,23,6_23,平民,,,,,,,,,,,,,,,
2309,4611.45,4612.91,1.46,你能当好人吗,6,23,6_23,平民,,,,,,,,,,,,,,,
2310,4612.91,4614.78,1.87,你能当好人吗,6,23,6_23,平民,,,,,,,,,,,,,,,
2311,4615.1,4617.1,2,然后警下发完言以后,6,23,6_23,平民,,,,,,,,,,,,,,,
2312,4617.1,4618.54,1.44,因为10号玩家是狼,6,23,6_23,平民,,,,,,,,,,,,,,,
2313,4618.54,4620.42,1.88,所以5号玩家是悍跳预言家,6,23,6_23,平民,,,,,,,,,,,,,,,
2314,4620.42,4621.1,0.68,10号玩家是狼,6,23,6_23,平民,,,,,,,,,,,,,,,
2315,4621.1,4622.45,1.35,能不能是垫子,6,23,6_23,平民,,,,,,,,,,,,,,,
2316,4622.45,4623.93,1.48,比如说我是10号玩家,6,23,6_23,平民,,,,,,,,,,,,,,,
2317,4623.93,4625.89,1.96,我警上看到一号和4号两个人站边,6,23,6_23,平民,,,,,,,,,,,,,,,
2318,4625.89,4626.73,0.84,我狼队有9号,6,23,6_23,平民,,,,,,,,,,,,,,,
2319,4626.73,4628.37,1.64,我直接去电预言家不就好了吗,6,23,6_23,平民,,,,,,,,,,,,,,,
2320,4628.37,4629.69,1.32,反正我的票够呀,6,23,6_23,平民,,,,,,,,,,,,,,,
2321,4629.69,4631.45,1.76,我狼悍跳团队里的票是够的,6,23,6_23,平民,,,,,,,,,,,,,,,
2322,4631.45,4633.81,2.36,我为什么一定要跟着狼去冲呢,6,23,6_23,平民,,,,,,,,,,,,,,,
2323,4633.81,4634.49,0.68,可以不可以,6,23,6_23,平民,,,,,,,,,,,,,,,
2324,4634.49,4635.05,0.56,是垫子,6,23,6_23,平民,,,,,,,,,,,,,,,
2325,4635.05,4636.09,1.04,可以吧,6,23,6_23,平民,,,,,,,,,,,,,,,
2326,4636.09,4637.29,1.2,10号是不是狼,6,23,6_23,平民,,,,,,,,,,,,,,,
2327,4637.29,4639.45,2.16,跟5号是不是预言家有什么必然联系,6,23,6_23,平民,,,,,,,,,,,,,,,
2328,4639.45,4640.31,0.86,没有吧,6,23,6_23,平民,,,,,,,,,,,,,,,
2329,4640.31,4642.49,2.18,是不是这个道理,6,23,6_23,平民,,,,,,,,,,,,,,,
2330,4644.22,4646.66,2.44,所以原本是想劝7号八号里面的好人回头,6,23,6_23,平民,,,,,,,,,,,,,,,
2331,4646.66,4647.62,0.96,但是我现在算了一下票,6,23,6_23,平民,,,,,,,,,,,,,,,
2332,4647.62,4648.98,1.36,他们手里已经6.5票了,6,23,6_23,平民,,,,,,,,,,,,,,,
2333,4648.98,4650.14,1.16,我觉得9号十号11号,6,23,6_23,平民,,,,,,,,,,,,,,,
2334,4650.14,4650.5,0.36,12号,6,23,6_23,平民,,,,,,,,,,,,,,,
2335,4650.5,4652.7,2.2,一号4号的票已经打在五头上了,6,23,6_23,平民,,,,,,,,,,,,,,,
2336,4652.7,4653.8,1.1,这是6.5,6,23,6_23,平民,,,,,,,,,,,,,,,
2337,4653.8,4654.74,0.94,劝不回来呀,6,23,6_23,平民,,,,,,,,,,,,,,,
2338,4654.74,4656.66,1.92,就算就算你们两个都是两个好人,6,23,6_23,平民,,,,,,,,,,,,,,,
2339,4656.66,4657.5,0.84,那里坐着一个混子,6,23,6_23,平民,,,,,,,,,,,,,,,
2340,4657.5,4658.7,1.2,一是站错边的,6,23,6_23,平民,,,,,,,,,,,,,,,
2341,4658.7,4661.02,2.32,白那边坐了四个狼没用,6,23,6_23,平民,,,,,,,,,,,,,,,
2342,4661.02,4662.58,1.56,我没觉得十像好人呀,6,23,6_23,平民,,,,,,,,,,,不像好人,,,,
2343,4662.58,4665.08,2.5,十几十警下打九的点是强打呀,6,23,6_23,平民,,,,,,,,,,,,,,,
2344,4665.08,4666.2,1.12,打完以后噼里啪啦,6,23,6_23,平民,,,,,,,,,,,,,,,
2345,4666.2,4666.92,0.72,他们全部都说,6,23,6_23,平民,,,,,,,,,,,,,,,
2346,4666.92,4667.6,0.68,因为10号是狼,6,23,6_23,平民,,,,,,,,,,,,,,,
2347,4667.6,4670,2.4,所以五是悍跳呀,6,23,6_23,平民,,,,,,,,,,,,,,,
2348,4670,4671.84,1.84,所以女巫应该是读不错的哈,6,23,6_23,平民,,,,,,,,,,,,,,,
2349,4671.84,4675.15,3.31,女巫站边9号十号是第一个起来冲锋的狼,6,23,6_23,平民,,,,,,,,,,,,,,,
2350,4675.15,4676.57,1.42,女巫站边5号,6,23,6_23,平民,,,,,,,,,,,,,,,
2351,4676.57,4678.47,1.9,我是5号的好人队友,6,23,6_23,平民,,,,,,,,,,,,,,,
2352,4678.47,4679.77,1.3,我说10号是狼,6,23,6_23,平民,,,,,,,,,,,,,,,
2353,4679.77,4681.66,1.89,10号晚上吃个毒没问题吧,6,23,6_23,平民,,,,,,,,,,,,,,,
2354,4681.66,4683.62,1.96,就你们今天把5号投死以后,6,23,6_23,平民,,,,,,,,,,,,,,,
2355,4683.62,4684.76,1.14,十吃个毒没问题吧,6,23,6_23,平民,,,,,,,,,,,,,,,
2356,4684.76,4686.93,2.17,我们还是要尽力一下呀,6,23,6_23,平民,,,,,,,,,,,,,,,
2357,4686.93,4688.81,1.88,3号玩家是金水反水的,6,23,6_23,平民,,,,,,,,,,,,,,,
2358,4688.81,4690.01,1.2,他们不是他们不听,6,23,6_23,平民,,,,,,,,,,,,,,,
2359,4690.01,4690.81,0.8,3号玩家混子,6,23,6_23,平民,,,,,,,,,,,,,,,
2360,4690.81,4693.23,2.42,3号玩家混子25的狼呃,6,23,6_23,平民,,,,,,,,,,,,,,,
2361,4693.23,4695.19,1.96,二是我们狼队友五是悍跳狼,6,23,6_23,平民,,,,,,,,,,,,,,,
2362,4695.19,4696.11,0.92,我是冲锋狼,6,23,6_23,平民,,,,,,,,,,,,,,,
2363,4696.11,4697.79,1.68,还有一个狼呢,6,23,6_23,平民,,,,,,,,,,,,,,,
2364,4699.7,4702.17,2.47,只有我跟10号两个狼冲吗,6,23,6_23,平民,,,,,,,,,,,,,,,
2365,4702.17,4704.45,2.28,你们觉得2号今天说他要回头,6,23,6_23,平民,,,,,,,,,,,,,,,
2366,4704.45,4705.45,1,他还能当狼吗,6,23,6_23,平民,,,,,,,,,,,,,,,
2367,4705.45,4706.33,0.88,他已经冲了,6,23,6_23,平民,,,,,,,,,,,,,,,
2368,4706.33,4707.23,0.9,他跑得了吗,6,23,6_23,平民,,,,,,,,,,,,,,,
2369,4707.23,4708.71,1.48,他今天说他要回头诶,6,23,6_23,平民,,,,,,,,,,,,,,,
2370,4708.71,4710.5,1.79,他说他考虑考虑站九的边,6,23,6_23,平民,,,,,,,,,,,,,,,
2371,4710.5,4712.7,2.2,他也能当五的狼队友吗,6,23,6_23,平民,,,,,,,,,,,,,,,
2372,4714.28,4715.76,1.48,再盘一下格局上的事情,6,23,6_23,平民,,,,,,,,,,,,,,,
2373,4715.76,4718.76,3,我跟5号晚上见面起来给11号发查杀吧,6,23,6_23,平民,,,,,,,,,,,,,,,
2374,4722.94,4723.9,0.96,合理吗,6,23,6_23,平民,,,,,,,,,,,,,,,
2375,4723.9,4725.98,2.08,如果你们觉得我我们是两个狼,6,23,6_23,平民,,,,,,,,,,,,,,,
2376,4725.98,4727.38,1.4,11号就是我们做身份的狼,6,23,6_23,平民,,,,,,,,,,,,不好,,,
2377,4727.38,4729,1.62,今天投一下11号没问题吧,6,23,6_23,平民,,,,,,,,,,,,,,,
2378,4729,4730.66,1.66,是不是很像,6,23,6_23,平民,,,,,,,,,,,,,,,
2379,4730.98,4732.08,1.1,是不是很像,6,23,6_23,平民,,,,,,,,,,,,,,,
2380,4732.08,4732.98,0.9,你们是不是找不到,6,23,6_23,平民,,,,,,,,,,,,,,,
2381,4732.98,4734.94,1.96,我们剩下一个狼队友那边做身份的,6,23,6_23,平民,,,,,,,,,,,,,,,
2382,4734.94,4737.46,2.52,今天能不能先把我们做身份的狼投了,6,23,6_23,平民,,,,,,,,,,,,,,,
2383,4737.87,4738.59,0.72,可以吧,6,23,6_23,平民,,,,,,,,,,,,,,,
2384,4738.59,4740.889,2.299,你这这话能不能听得进去,6,23,6_23,平民,,,,,,,,,,,,,,,
2385,4741.209,4741.969,0.76,其他没了,6,23,6_23,平民,,,,,,,,,,,,,,,
2386,4741.969,4743.329,1.36,我觉得你应该是大概率走了,6,23,6_23,平民,,,,,,,,,,,,,,,
2387,4743.329,4745.72,2.391,因为那那边肯定有一个石头好吧,6,23,6_23,平民,,,,,,,,,,,,,,,
2388,4745.72,4747,1.28,我们现在不能说他是站错边,6,23,6_23,平民,,,,,,,,,,,,,,,
2389,4747,4748.12,1.12,好人是石头啊,6,23,6_23,平民,,,,,,,,,,,,,,,
2391,4750.91,4753.93,3.02,我有很认真的听发言,7,24,7_24,女巫,,,,,,,,,,,,,,,
2392,4753.93,4755.55,1.62,我不想站边站边,7,24,7_24,女巫,,,,,,,,,,,,,,,
2393,4755.55,4759.27,3.72,5号的原因是因为你的警徽流pk时间,7,24,7_24,女巫,,,,,,,,,,,,,,,
2394,4759.27,4761.27,2,你的警徽留的是3号跟2号,7,24,7_24,女巫,,,,,,,,,,,,,,,
2395,4761.27,4764.23,2.96,那我听来3号玩家其实是第一个,7,24,7_24,女巫,,,,,,,,,,,,,,,
2396,4764.23,4764.87,0.64,他对话了,7,24,7_24,女巫,,,,,,,,,,,,,,,
2397,4764.87,4765.23,0.36,9号,7,24,7_24,女巫,,,,,,,,,,,,,,,
2398,4765.23,4766.13,0.9,你是不是混子,7,24,7_24,女巫,,,,,,,,,,,,,,,
2399,4766.13,4766.95,0.82,你是不是混子,7,24,7_24,女巫,,,,,,,,,,,,,,,
2400,4766.95,4767.35,0.4,我告诉你,7,24,7_24,女巫,,,,,,,,,,,,,,,
2401,4767.35,4767.95,0.6,我是好人,7,24,7_24,女巫,,,,,,,,,,,,,,,
2402,4767.95,4768.43,0.48,你是混子,7,24,7_24,女巫,,,,,,,,,,,,,,,
2403,4768.43,4769.21,0.78,你就退水,7,24,7_24,女巫,,,,,,,,,,,,,,,
2404,4769.21,4772.799,3.589,然后他同时3号玩家点了11号,7,24,7_24,女巫,,,,,,,,,,,,,,,
2405,4772.799,4773.759,0.96,看着特别像狼,7,24,7_24,女巫,,,,,,,,,,,,,,,
2406,4773.759,4775.519,1.76,特别是接到你查杀的时候,7,24,7_24,女巫,,,,,,,,,,,,,,,
2407,4775.519,4777.719,2.2,你很难认为3号玩家是狼,7,24,7_24,女巫,,,,,,,,,,,,,,,
2408,4777.719,4780.639,2.92,而且2号玩家直接说3号玩家是好人,7,24,7_24,女巫,,,,,,,,,,,,,,,
2409,4780.639,4782.159,1.52,3号二号的警徽流,7,24,7_24,女巫,,,,,,,,,,,,,,,
2410,4782.159,4784.57,2.411,我是很难认你是预言家的,7,24,7_24,女巫,,,,,,,,,,,,,,,
2411,4784.57,4786.95,2.38,这是我认为5号玩家不是的点,7,24,7_24,女巫,,,,,,,,,,,,,,,
2412,4786.95,4788.77,1.82,但是我听完警下发言呢,7,24,7_24,女巫,,,,,,觉得不像,,,,,,,,,
2413,4788.77,4792.52,3.75,我觉得首先我觉得3号是比较像好人的,7,24,7_24,女巫,,,,像好人,,,,,,,,,,,
2414,4792.52,4793.5,0.98,6号和5号,7,24,7_24,女巫,,,,,,,,,,,,,,,
2415,4793.5,4794.8,1.3,如果他们是两个狼的话,7,24,7_24,女巫,,,,,,,,,,,,,,,
2416,4794.8,4796.98,2.18,确实也很难很难给11发查杀,7,24,7_24,女巫,,,,,,,,,,,,,,,
2417,4796.98,4799.38,2.4,我pk台听9号发言,7,24,7_24,女巫,,,,,,,,,,,,,,,
2418,4799.73,4802.95,3.22,9号说要禁言7号,7,24,7_24,女巫,,,,,,,,,,,,,,,
2419,4802.95,4806.37,3.42,原因是因为5号玩家没有踩死7号,7,24,7_24,女巫,,,,,,,,,,,,,,,
2420,4806.37,4808.79,2.42,我觉得禁言7号是有点怪的,7,24,7_24,女巫,,,,,,,,,,,,,,,
2421,4808.79,4810.13,1.34,但是我对比了一下,7,24,7_24,女巫,,,,,,,,,,,,,,,
2422,4810.13,4816.08,5.95,我肯定觉得5号玩家发言我更不能接受嗯,7,24,7_24,女巫,,,,,,,,,,,,,,,
2423,4816.6,4819.32,2.72,10号玩家你是发言很像狼的,7,24,7_24,女巫,,,,,,,,,,,,,,,
2424,4819.32,4823.85,4.53,你说一号7号九号十号那警上一号玩家,7,24,7_24,女巫,,,,,,,,,,,,,,,
2425,4823.85,4825.99,2.14,你可以认为他是有篡改发言,7,24,7_24,女巫,,,,,,,,,,,,,,,
2426,4825.99,4828.72,2.73,他篡改的是假设一号7号,7,24,7_24,女巫,,,,,,,,,,,,,,,
2427,4828.72,4831.02,2.3,9号十号是你心中的四个狼,7,24,7_24,女巫,,,,,,,,,,,,,,,
2428,4831.02,4833.4,2.38,那7号玩家篡改的是5号玩家哦,7,24,7_24,女巫,,,,,,,,,,,,,,,
2429,4833.4,4836.52,3.12,一号玩家篡改的是5号玩家保七的发言,7,24,7_24,女巫,,,,,,,,,,,,,,,
2430,4836.52,4838.64,2.12,他篡改的是5号玩家打了七,7,24,7_24,女巫,,,,,,,,,,,,,,,
2431,4838.64,4841.35,2.71,所以你很难认为一号7号是两个狼,7,24,7_24,女巫,,,,,,,,,,,,,,,
2432,4841.63,4844.67,3.04,所以10号玩家发言我肯定是排不了水的,7,24,7_24,女巫,,,,,,,,,,,不排水,,,,
2433,4844.67,4845.67,1,我可以考虑一下,7,24,7_24,女巫,,,,,,,,,,,,,,,
2434,4845.67,4846.93,1.26,我听一下十发言吧,7,24,7_24,女巫,,,,,,,,,,,,,,,
2435,4846.93,4849.25,2.32,考虑一下回头站边5号吧,7,24,7_24,女巫,,,,,,考虑回头,,,,,,,,,
2436,4849.25,4851.97,2.72,八我没有觉得很像狼,7,24,7_24,女巫,,,,,,,,,没有很像狼,,,,,,
2437,4852.77,4853.65,0.88,其他没有了,7,24,7_24,女巫,,,,,,,,,,,,,,,
2439,4857.56,4860.79,3.23,你也要回头哼哼,8,25,8_25,猎人,,,,,,,,,,,,,,,
2440,4861.07,4862.99,1.92,反正感觉现在分两派,8,25,8_25,猎人,,,,,,,,,,,,,,,
2441,4862.99,4864.97,1.98,回头派和坚定派,8,25,8_25,猎人,,,,,,,,,,,,,,,
2442,4864.97,4866.55,1.58,我没那么坚定啊,8,25,8_25,猎人,,,,,,,,,,,,,,,
2443,4866.55,4870.3,3.75,反正嗯所以6号玩家点的狼是90,8,25,8_25,猎人,,,,,,,,,,,,,,,
2444,4870.3,4871.38,1.08,十一十二对吧,8,25,8_25,猎人,,,,,,,,,,,,,,,
2445,4871.38,4874.54,3.16,那何不如我们今天把10号投了呢,8,25,8_25,猎人,,,,,,,,,,,,,,,
2446,4875.15,4876.35,1.2,算了不改票了,8,25,8_25,猎人,,,,,,,,,,,,,,,
2447,4876.35,4879.11,2.76,然后就还是按轮次上的票投吧,8,25,8_25,猎人,,,,,,,,,,,,,,,
2448,4879.11,4883.41,4.3,所以确实啊如果2号警下发言,8,25,8_25,猎人,,,,,,,,,,,,,,,
2449,4883.41,4885.81,2.4,其实也不是很像五六团队的牌,8,25,8_25,猎人,,,,,,,,,,,,,,,
2450,4885.81,4887.9,2.09,因为他发言说要回头,8,25,8_25,猎人,,,,,,,,,,,,,,,
2451,4887.9,4889.58,1.68,确实像6号玩家说的,8,25,8_25,猎人,,,,,,,,,,,,,,,
2452,4889.58,4890.84,1.26,他勾回来也活不了,8,25,8_25,猎人,,,,,,,,,,,,,,,
2453,4890.84,4891.86,1.02,肯定是活不了,8,25,8_25,猎人,,,,,,,,,,,,,,,
2454,4891.86,4893.9,2.04,就是在边正冷的那一天,8,25,8_25,猎人,,,,,,,,,,,,,,,
2455,4893.9,4895.709,1.809,他第一个就出去了,8,25,8_25,猎人,,,,,,,,,,,,,,,
2456,4895.709,4898.329,2.62,然后六今天只读的是10号,8,25,8_25,猎人,,,,,,,,,,,,,,,
2457,4898.329,4900.709,2.38,所以很难是256十对吧,8,25,8_25,猎人,,,,,,,,,,,,,,,
2458,4901.789,4907.69,5.901,九十十一十二那142位老师是什么情况,8,25,8_25,猎人,,,,,,,,,,,,,,,
2459,4907.69,4910.49,2.8,主要我真的没觉得我也不是白吗,8,25,8_25,猎人,,,,,,,,,不是白,,,,,,
2460,4910.49,4911.87,1.38,一号我觉得像摆,8,25,8_25,猎人,,,,,,,,,,,,,,,
2461,4911.87,4914.45,2.58,然后4号我觉得警上确实不像红狼呀,8,25,8_25,猎人,,,,,不像红狼,,,,,,,,,,
2462,4914.45,4917.32,2.87,就是混血儿或者是纯粹好人嘶,8,25,8_25,猎人,,,,,,,,,,,,,,,
2463,4917.32,4919.92,2.6,那我不知道图图今天灵不灵啊,8,25,8_25,猎人,,,,,,,,,,,,,,,
2464,4919.92,4921.04,1.12,不灵不灵不灵灵吗,8,25,8_25,猎人,,,,,,,,,,,,,,,
2465,4921.04,4922.48,1.44,今天灵不灵,8,25,8_25,猎人,,,,,,,,,,,,,,,
2466,4924.44,4926.24,1.8,我上我前跟后放是这样的,8,25,8_25,猎人,,,,,,,,,,,,,,,
2467,4926.24,4927.5,1.26,确实像5号玩家说的,8,25,8_25,猎人,,,,,,,,,,,,,,,
2468,4927.5,4931.42,3.92,我觉得你的问题就是你说4~12产两到三狼,8,25,8_25,猎人,,,,,,,,,,,,,,,
2469,4931.42,4934.28,2.86,这是我觉得我不太能接受的地方,8,25,8_25,猎人,,,,,,,,,,,,,,,
2470,4934.28,4936.09,1.81,因为你定了这边是红了,8,25,8_25,猎人,,,,,,,,,,,,,,,
2471,4936.09,4937.09,1,九是一个狼,8,25,8_25,猎人,,,,,,,,,,,,,,,
2472,4937.09,4937.89,0.8,11是一个狼,8,25,8_25,猎人,,,,,,,,,,,,,,,
2473,4937.89,4939.69,1.8,4~12至多出两个狼,8,25,8_25,猎人,,,,,,,,,,,,,,,
2474,4939.69,4940.39,0.7,对不对,8,25,8_25,猎人,,,,,,,,,,,,,,,
2475,4940.39,4944.23,3.84,但是你后面pk台你往回解释了这件事情,8,25,8_25,猎人,,,,,,,,,,,,,,,
2476,4944.23,4946.43,2.2,但是我觉得你第一轮发言的时候,8,25,8_25,猎人,,,,,,,,,,,,,,,
2477,4946.43,4947.95,1.52,我觉得是最原始的听感吗,8,25,8_25,猎人,,,,,,,,,,,,,,,
2478,4947.95,4950.19,2.24,你就是把九基本上定死为一个红狼,8,25,8_25,猎人,,,,,,,,,,,,,,,
2479,4950.19,4951.36,1.17,没有觉得他是混子,8,25,8_25,猎人,,,,,,,,,,,,,,,
2480,4951.36,4954.16,2.8,所以我觉得4~12出两到三狼,8,25,8_25,猎人,,,,,,,,,,,,,,,
2481,4954.16,4956,1.84,可以是预言家的口误,8,25,8_25,猎人,,,,,,,,,,,,,,,
2482,4956,4959.1,3.1,但是我觉得起码在警上我没有get到,8,25,8_25,猎人,,,,,,,,,,,,,,,
2483,4959.1,4960.42,1.32,但从pk台发言,8,25,8_25,猎人,,,,,,,,,,,,,,,
2484,4960.42,4962.44,2.02,其实我觉得你发的比九会好一些,8,25,8_25,猎人,,,,,,,,,,,,,,,
2485,4962.44,4963.22,0.78,说实话,8,25,8_25,猎人,,,,,,,,,,,,,,,
2486,4963.22,4965.58,2.36,但是我当时没有很想立马改站边,8,25,8_25,猎人,,,,,,,,,,,,,,,
2487,4965.58,4967.42,1.84,我还是给九点的票,8,25,8_25,猎人,,,,,,,,,,,,,,,
2488,4967.42,4971.34,3.92,井圈井下一圈下来嗯,8,25,8_25,猎人,,,,,,,,,,,,,,,
2489,4972.46,4975.74,3.28,2号回头的理由是说听十像狼,8,25,8_25,猎人,,,,,,,,,,,,,,,
2490,4976.42,4980.819,4.399,2号说听使九十十一十二可以考虑,8,25,8_25,猎人,,,,,,,,,,,,,,,
2491,4980.819,4985.32,4.501,我觉得其实6号警下给的这个坑位还行,8,25,8_25,猎人,,,,,,,,,,,,,,,
2492,4985.32,4985.82,0.5,啧,8,25,8_25,猎人,,,,,,,,,,,,,,,
2493,4985.82,4988.22,2.4,我听听9号玩家末置位点的坑吧好吧,8,25,8_25,猎人,,,,,,,,,,,,,,,
2494,4988.22,4991.209,2.989,因为你看现在2号玩家警下要回头,8,25,8_25,猎人,,,,,,,,,,,,,,,
2495,4991.209,4992.509,1.3,一号玩家疑似单边,8,25,8_25,猎人,,,,,,,,,,,,,,,
2496,4992.509,4994.209,1.7,白三是你验的金水,8,25,8_25,猎人,,,,,,,,,,,,,,,
2497,4994.209,4997.69,3.481,剩下4号七号八号都是给你投票的对吧,8,25,8_25,猎人,,,,,,,,,,,,,,,
2498,4997.69,5001.35,3.66,然后6号要只毒只毒吃毒的牌是10号牌,8,25,8_25,猎人,,,,,,,,,,,,,,,
2499,5001.35,5003.23,1.88,11号是反金狼坑,8,25,8_25,猎人,,,,,,,,,,,,,,,
2500,5003.23,5004.42,1.19,确实挺难点,8,25,8_25,猎人,,,,,,,,,,,,,,,
2501,5004.42,5007.28,2.86,我听一下9号玩家末置位点的坑吧,8,25,8_25,猎人,,,,,,,,,,,,,,,
2502,5007.28,5008.82,1.54,那就不改轮次了呗,8,25,8_25,猎人,,,,,,,,,,,,,,,
2503,5008.82,5011.54,2.72,那就信九站边九就跟九归沾边,8,25,8_25,猎人,,,,,,,,,,,,,,,
2504,5011.54,5012.34,0.8,五就投11号吧,8,25,8_25,猎人,,,,,,,,,,,,,,,
2506,5016.27,5019.77,3.5,首先今天我会投5号,9,26,9_26,狼人,,,,,,,,,,,,,,,
2507,5019.77,5022.89,3.12,然后女巫就去毒6号,9,26,9_26,狼人,,,,,,,,进验,,,,,,,
2508,5022.89,5024.85,1.96,然后我会去验7号,9,26,9_26,狼人,,,,,,,,,,,,,,,
2509,5024.85,5027.83,2.98,因为今天7号警下说的是,9,26,9_26,狼人,,,,,,,,,,,,,,,
2510,5028.11,5030.03,1.92,要听一下十的跟心发言,9,26,9_26,狼人,,,,,,,,,,,,,,,
2511,5030.03,5031.75,1.72,十是警下第一个发言的,9,26,9_26,狼人,,,,,,,,,,,,,,,
2512,5031.75,5033.75,2,你上哪去听十的跟新发言,9,26,9_26,狼人,,,,,,,,,,,,,,,
2513,5033.75,5035.51,1.76,我觉得十可以是狼啊,9,26,9_26,狼人,,,,,,,,,,,可以是狼,,,,
2514,5035.51,5036.98,1.47,十警下发言,9,26,9_26,狼人,,,,,,,,,,,,,,,
2515,5036.98,5040.7,3.72,十是首先他站边站的是狼边投票投的也是匪票,9,26,9_26,狼人,,,,,,,,,,,,,,,
2516,5040.7,5042.98,2.28,最后他警下发言是发言逻辑匪啊,9,26,9_26,狼人,,,,,,,,,,,,,,,
2517,5042.98,5046.86,3.88,他说我不是预言家的点是我应该去答,9,26,9_26,狼人,,,,,,,,,,,,,,,
2518,5046.86,5048.06,1.2,8号是狼,9,26,9_26,狼人,,,,,,,,,,,,,,,
2519,5048.06,5050.28,2.22,这个是十井下的更新发言,9,26,9_26,狼人,,,,,,,,,,,,,,,
2520,5050.28,5054.31,4.03,他说因为8号说在警上发言的时候,9,26,9_26,狼人,,,,,,,,,,,,,,,
2521,5054.31,5055.91,1.6,说我哪里哪里不是预言家,9,26,9_26,狼人,,,,,,,,,,,,,,,
2522,5055.91,5057.79,1.88,所以我需要打攻击8号,9,26,9_26,狼人,,,,,,,,,,,,,,,
2523,5057.79,5061.11,3.32,8号警上明确说的是前刚后放交站边,9,26,9_26,狼人,,,,,,,,,,,,,,,
2524,5061.11,5062.41,1.3,然后他刚在警上了,9,26,9_26,狼人,,,,,,,,,,,,,,,
2525,5062.41,5064.09,1.68,我为什么要进8号视角,9,26,9_26,狼人,,,,,,,,,,,,,,,
2526,5064.09,5066.41,2.32,所以这个是十警下呃,9,26,9_26,狼人,,,,,,,,,,,,,,,
2527,5066.41,5069.23,2.82,在我是预言家视角听来很报匪的一点,9,26,9_26,狼人,,,,,,,,,,,,,,,
2528,5069.23,5073.12,3.89,然后我其实我当时是觉得256十比较合理的,9,26,9_26,狼人,,,,,,,,,,,,,,,
2529,5073.12,5076.24,3.12,原因是我自己觉得已经跟二有过对话了对吧,9,26,9_26,狼人,,,,,,,,,,,,,,,
2530,5076.24,5077.64,1.4,我pk台发言的时候说,9,26,9_26,狼人,,,,,,,,,,,,,,,
2531,5077.64,5080.31,2.67,5号玩家要留的警徽流是三二,9,26,9_26,狼人,,,,,,,,,,,,,,,
2532,5080.31,5081.81,1.5,把你2号留在第二警徽流,9,26,9_26,狼人,,,,,,,,,,,,,,,
2533,5081.81,5083.7,1.89,这个票应该不至于投不对,9,26,9_26,狼人,,,,,,,,,,,,,,,
2534,5083.7,5085.34,1.64,但是2号是当时上匪票,9,26,9_26,狼人,,,,,,,,,,,,,,,
2535,5085.34,5087.2,1.86,我是默认二是一个狼的,9,26,9_26,狼人,,,,,,,,,,,,,,,
2536,5087.2,5089.07,1.87,但是二警下发言,9,26,9_26,狼人,,,,,,,,,,,,,,,
2537,5089.07,5093.81,4.74,因为我觉得比如说就是256 14个狼,9,26,9_26,狼人,,,,,,,,,,,,,,,
2538,5093.81,5094.97,1.16,简简单单四个红狼的话,9,26,9_26,狼人,,,,,,,,,,,,,,,
2539,5094.97,5095.73,0.76,6号警下,9,26,9_26,狼人,,,,,,,,,,,,,,,
2540,5096.85,5098.329,1.479,6号警下我,9,26,9_26,狼人,,,,,,,,,,,,,,,
2541,5098.329,5099.289,0.96,我自己是预言家视角,9,26,9_26,狼人,,,,,,,,,,,,,,,
2542,5099.289,5100.729,1.44,我发现听着全是心态,9,26,9_26,狼人,,,,,,,,,,,,,,,
2543,5100.729,5103.889,3.16,因为他视角里认为一四是按照六的说法,9,26,9_26,狼人,,,,,,,,,,,,,,,
2544,5103.889,5105.169,1.28,是两个石头好人,9,26,9_26,狼人,,,,,,,,,,,,,,,
2545,5105.169,5108.37,3.201,也就是一四里头不产所谓的狼混,9,26,9_26,狼人,,,,,,,,,,,,,,,
2546,5108.37,5109.35,0.98,他甚至都不愿意打,9,26,9_26,狼人,,,,,,,,,,,,,,,
2547,5109.35,5110.43,1.08,一四里头有狼混,9,26,9_26,狼人,,,,,,,,,,,,,,,
2548,5110.43,5113.27,2.84,然后说九十十一十二四狼结构,9,26,9_26,狼人,,,,,,,,,,,,,,,
2549,5113.27,5115.3,2.03,说意思是七八是pk来发言,9,26,9_26,狼人,,,,,,,,,,,,,,,
2550,5115.3,5116.2,0.9,站错边的好人,9,26,9_26,狼人,,,,,,,,,,,,,,,
2551,5116.2,5117.12,0.92,没有混子对吧,9,26,9_26,狼人,,,,,,,,,,,,,,,
2552,5117.12,5118.92,1.8,6号玩家视角里混子消失了,9,26,9_26,狼人,,,,,,,,,,,,,,,
2553,5118.92,5122.91,3.99,然后5号的也是一些偏心心缺,9,26,9_26,狼人,,,,,,,,,,,,,,,
2554,5122.91,5124.55,1.64,就是基本上偏心态的东西,9,26,9_26,狼人,,,,,,,,,,,,,,,
2555,5124.55,5125.91,1.36,然后还对话一号说,9,26,9_26,狼人,,,,,,,,,,,,,,,
2556,5125.91,5126.95,1.04,就是他们都不愿意,9,26,9_26,狼人,,,,,,,,,,,,,,,
2557,5126.95,5130.139,3.189,狼都不愿意派那个悍跳白神去对话,9,26,9_26,狼人,,,,,,,,,,,,,,,
2558,5130.139,5131.659,1.52,你拿个悍跳牌去对话,9,26,9_26,狼人,,,,,,,,,,,,,,,
2559,5131.659,5132.57,0.911,你说阿宝,9,26,9_26,狼人,,,,,,,,,,,,,,,
2560,5132.57,5134.25,1.68,那我也那我也没办法,9,26,9_26,狼人,,,,,,,,,,,,,,,
2561,5134.25,5137.41,3.16,一号如果你是就是这把你是白神阿宝,9,26,9_26,狼人,,,,,,,,,,,,,,,
2562,5137.41,5138.25,0.84,你站对边了,9,26,9_26,狼人,,,,,,,,,,,,,,,
2563,5138.25,5139.17,0.92,坚定一点好吧,9,26,9_26,狼人,,,,,,,,,,,,,,,
2564,5139.17,5143.53,4.36,没有必要没有必要这么去骗一号吧,9,26,9_26,狼人,,,,,,,,,,,,,,,
2565,5143.53,5146.28,2.75,哦然后至于我要警徽流,9,26,9_26,狼人,,,,,,,,,,,,,,,
2566,5146.28,5149.32,3.04,想验七的原因是因为七虽然投pk台投票给我嘛,9,26,9_26,狼人,,,,,,,,,,,,,,,
2567,5149.32,5152.24,2.92,但是他说突然来一句要听十的更新发言,9,26,9_26,狼人,,,,,,,,,,,,,,,
2568,5152.24,5155.81,3.57,是我觉得嗯比较难理解,9,26,9_26,狼人,,,,,,,,,,,,,,,
2569,5155.81,5158.109,2.299,因为十是井下发过瘾了,9,26,9_26,狼人,,,,,,,,,,,,,,,
2570,5158.109,5161.35,3.241,然后狼的团队就硬说十是我的狼同伴,9,26,9_26,狼人,,,,,,,,,,,,,,,
2571,5161.35,5163.15,1.8,就说十不能是五的狼同伴,9,26,9_26,狼人,,,,,,,,,,,,,,,
2572,5163.15,5164.73,1.58,十是垫飞狼逻辑呢,9,26,9_26,狼人,,,,,,,,,,,,,,,
2573,5164.73,5166.36,1.63,十为什么警下就十,9,26,9_26,狼人,,,,,,,,,,,,,,,
2574,5166.36,5168.64,2.28,为什么上了匪票之后就一定是我的狼同伴,9,26,9_26,狼人,,,,,,,,,,,,,,,
2575,5168.64,5169.88,1.24,而不是我的狼同伴对吧,9,26,9_26,狼人,,,,,,,,,,,,,,,
2576,5170.88,5171.76,0.88,30秒,9,26,9_26,狼人,,,,,,,,,,,,,,,
2577,5171.76,5174,2.24,所以二的话二不经验的原因是,9,26,9_26,狼人,,,,,,,,,,,,,,,
2578,5174,5176.28,2.28,我觉得就是看你这轮票型,9,26,9_26,狼人,,,,,,,,,,,,,,,
2579,5176.28,5177.68,1.4,如果这轮投匪票,9,26,9_26,狼人,,,,,,,,,,,,,,,
2580,5177.68,5178.92,1.24,只能说票型是诚实的,9,26,9_26,狼人,,,,,,,,,,,,,,,
2581,5178.92,5180.52,1.6,我对话你对话到位了,9,26,9_26,狼人,,,,,,,,,,,,,,,
2582,5180.52,5182.88,2.36,然后你投了两轮匪票,9,26,9_26,狼人,,,,,,,,,,,,,,,
2583,5182.88,5186.08,3.2,一轮警徽如果放出来投这个就斩立决了,9,26,9_26,狼人,,,,,,,,,,,,,,,
2584,5186.08,5187.02,0.94,就不会近视角,9,26,9_26,狼人,,,,,,,,,,,,,,,
2585,5187.02,5189.17,2.15,如果你投那个呃,9,26,9_26,狼人,,,,,,,,,,,,,,,
2586,5189.17,5191.37,2.2,5号就有就可以做好人,9,26,9_26,狼人,,,,,,,,,,,,,,,
2587,5191.37,5193.39,2.02,因为7号突然说要回头很怪,9,26,9_26,狼人,,,,,,,,,,,,,,,
2588,5193.39,5196.86,3.47,因为8号八号警上虽然用了一个相对来讲,9,26,9_26,狼人,,,,,,,,,,,,,,,
2589,5196.86,5199.12,2.26,我自己预言家可能会觉得比较别扭的点,9,26,9_26,狼人,,,,,,,,,,,,,,,
2590,5199.12,5201.2,2.08,说我认为十是狼的话,9,26,9_26,狼人,,,,,,,,,,,,,,,
2591,5201.2,5202.44,1.24,我我就可以通过判断,9,26,9_26,狼人,,,,,,,,,,,,,,,
2592,5202.44,5204.78,2.34,因为十警上说一九看的是两个身份,9,26,9_26,狼人,,,,,,,,,,,,,,,
2593,5204.78,5207.48,2.7,我可以通过去判断一的身份去定义十,9,26,9_26,狼人,,,,,,,,,,,,,,,
2594,5207.48,5209.54,2.06,首先十的发言他是好人是狼,9,26,9_26,狼人,,,,,,,,,,,,,,,
2595,5209.54,5210.96,1.42,他都那么发言就给位置,9,26,9_26,狼人,,,,,,,,,,,,,,,
2596,5210.96,5214.06,3.1,我自己是更倾向于听逻辑,9,26,9_26,狼人,,,,,,,,,,,,,,,
2597,5214.06,5217.2,3.14,不太去听第一轮警上给身份的这些东西,9,26,9_26,狼人,,,,,,,,,,,,,,,
2598,5217.2,5218.78,1.58,所以我当时视角我是预言家,9,26,9_26,狼人,,,,,,,,,,,,,,,
2599,5218.78,5219.86,1.08,我没有听出来十是啥,9,26,9_26,狼人,,,,,,,,,,,,,,,
2600,5219.86,5221.09,1.23,我就直接给他开验掉,9,26,9_26,狼人,,,,,,,,,,,,,,,
2601,5221.09,5223.73,2.64,所以八当时是说这个东西有点近视角,9,26,9_26,狼人,,,,,,,,,,,,,,,
2602,5223.73,5225.95,2.22,但是8号警上说情况况,9,26,9_26,狼人,,,,,,,,,,,,,,,
2603,5225.95,5227.09,1.14,然后我一看到他刚警上,9,26,9_26,狼人,,,,,,,,,,,,,,,
2604,5227.09,5227.69,0.6,我就没再管了,9,26,9_26,狼人,,,,,,,,,,,,,,,
2605,5227.69,5230.74,3.05,我就当时觉得八大概率应该是好人哦,9,26,9_26,狼人,,,,,,,,,好人,,,,,,
2606,5230.74,5234.72,3.98,所以就发言时间到所有玩家发言结束,9,26,9_26,狼人,,,,,,,,,,,,,,,
2607,5234.72,5238.4,3.68,第一天放逐投票,0,27,0_27,法官,,,,,,,,,,,,,,,
2610,5244.31,5246.89,2.58,警长归票,0,27,0_27,法官,,,,,,,,,,5,,,,,
2611,5246.89,5250.36,3.47,放逐投票,0,27,0_27,法官,,5,11,1,5,11,11,11,11,5,5,5,5,,
2627,5274.86,5277.92,3.06,啧说明易峰玩的比我好,5,28,5_28,预言家,,,,,,,,,,,,,,,
2628,5277.92,5279.14,1.22,主理人就是主理人,5,28,5_28,预言家,,,,,,,,,,,,,,,
2629,5279.14,5280.5,1.36,经过他发言了以后,5,28,5_28,预言家,,,,,,,,,,,,,,,
2630,5280.5,5281.62,1.12,有人回头了,5,28,5_28,预言家,,,,,,,,,,,,,,,
2631,5283.61,5284.97,1.36,唉不好意思啊,5,28,5_28,预言家,,,,,,,,,,,,,,,
2632,5284.97,5287.03,2.06,今天穿的这件衣服有点问题,5,28,5_28,预言家,,,,,,,,,,,,,,,
2633,5287.03,5288.67,1.64,上次也是穿这件衣服,5,28,5_28,预言家,,,,,,,,,,,,,,,
2634,5288.67,5289.65,0.98,直接五进五,5,28,5_28,预言家,,,,,,,,,,,,,,,
2635,5289.65,5291.18,1.53,冤家吃了一个抗推,5,28,5_28,预言家,,,,,,,,,,,,,,,
2636,5291.18,5293.1,1.92,跟你们肯定是没有什么关系的,5,28,5_28,预言家,,,,,,,,,,,,,,,
2637,5293.1,5296.58,3.48,而且我有可能长得比较像狼呃,5,28,5_28,预言家,,,,,,,,,,,,,,,
2638,5296.58,5298.86,2.28,那个9号我跟你说一下,5,28,5_28,预言家,,,,,,,,,,,,,,,
2639,5298.86,5300.28,1.42,你不是很了解情况,5,28,5_28,预言家,,,,,,,,,,,,,,,
2640,5300.28,5301.54,1.26,我们平时说阿宝,5,28,5_28,预言家,,,,,,,,,,,,,,,
2641,5301.54,5303.98,2.44,你回一下头都是洗他头才会说的,5,28,5_28,预言家,,,,,,,,,,,,,,,
2642,5303.98,5305.02,1.04,所以他投我,5,28,5_28,预言家,,,,,,,,,,,,,,,
2643,5305.02,5305.64,0.62,你知道吧,5,28,5_28,预言家,,,,,,,,,,,,,,,
2644,5305.64,5308.72,3.08,我们每次说这句话都是洗他头呃,5,28,5_28,预言家,,,,,,,,,,,,,,,
2645,5308.72,5311.22,2.5,那肯定是发言有很多不足嘛,5,28,5_28,预言家,,,,,,,,,,,,,,,
2646,5311.22,5314.54,3.32,所以那个因为我看到3号七号都帮我投了,5,28,5_28,预言家,,,,,,,,,,,,,,,
2647,5314.54,5315.66,1.12,我是预言家出局,5,28,5_28,预言家,,,,,,,,,,,,,,,
2648,5315.66,5317.26,1.6,因为大家看到10号的投票,5,28,5_28,预言家,,,,,,,,,,,,,,,
2649,5317.26,5319.14,1.88,肯定是知道哪个是编了嘛,5,28,5_28,预言家,,,,,,,,,,,,,,,
2650,5319.14,5320,0.86,对吧呃,5,28,5_28,预言家,,,,,,,,,,,,,,,
2651,5320,5321.56,1.56,我就跟大家说一下,5,28,5_28,预言家,,,,,,,,,,,,,,,
2652,5321.56,5324.56,3,就是为什么当时虽然3号说11号是狼,5,28,5_28,预言家,,,,,,,,,,,,,,,
2653,5324.56,5326.33,1.77,我还是要三二顺验,5,28,5_28,预言家,,,,,,,,,,,,,,,
2654,5326.33,5327.77,1.44,因为我是预言家,5,28,5_28,预言家,,,,,,,,,,,,,,,
2655,5327.77,5330.01,2.24,我觉得这个验人是有逻辑关系的,5,28,5_28,预言家,,,,,,,,,,,,,,,
2656,5330.01,5333.51,3.5,我觉得三七不可能是两个红狼发的言,5,28,5_28,预言家,,,,,,,,,,,,,,,
2657,5333.51,5335.31,1.8,但是他们可以是两个好人,5,28,5_28,预言家,,,,,,,,,,,,,,,
2658,5335.31,5337.43,2.12,或者是验一推一的关系,5,28,5_28,预言家,,,,,,,,,,,,,,,
2659,5337.43,5339.35,1.92,并且3号虽然踩了11号,5,28,5_28,预言家,,,,,,,,,,,,,,,
2660,5339.35,5340.27,0.92,那么我打个比方,5,28,5_28,预言家,,,,,,,,,,,,,,,
2661,5340.27,5343.05,2.78,三九十一如果是三个狼吗,5,28,5_28,预言家,,,,,,,,,,,,,,,
2662,5343.05,5344.61,1.56,他踩一下自己的同伴,5,28,5_28,预言家,,,,,,,,,,,,,,,
2663,5344.61,5346.57,1.96,最终他是不是还有可能冲我,5,28,5_28,预言家,,,,,,,,,,,,,,,
2664,5346.57,5347.81,1.24,所以我是预言家,5,28,5_28,预言家,,,,,,,,,,,,,,,
2665,5347.81,5350.84,3.03,我优先鉴于这种逻辑关系,5,28,5_28,预言家,,,,,,,,,,,,,,,
2666,5350.84,5352.74,1.9,去验了一下3号呃,5,28,5_28,预言家,,,,,,,,,,,,,,,
2667,5352.74,5354.8,2.06,那么女巫就毒杀一下11号吧,5,28,5_28,预言家,,,,,,,,,,,,,,,
2668,5354.8,5356.2,1.4,好吧站错边的好人,5,28,5_28,预言家,,,,,,,,,,,,,,,
2669,5356.2,5358.2,2,明天反正你们也不用表水,5,28,5_28,预言家,,,,,,,,,,,,,,,
2670,5358.2,5360.78,2.58,就接下来看看一下狼的刀法嘛,5,28,5_28,预言家,,,,,,,,,,,,,,,
2671,5360.78,5363.07,2.29,然后女巫毒11号嗯,5,28,5_28,预言家,,,,,,,,,,,,,,,
2672,5363.07,5365.75,2.68,不得不说就是我我觉得9号还是比较厉害的,5,28,5_28,预言家,,,,,,,,,,,,,,,
2673,5365.75,5367.03,1.28,因为我预言家是抗推,5,28,5_28,预言家,,,,,,,,,,,,,,,
2674,5367.03,5369.03,2,肯定是说明悍跳狼发言比较好的,5,28,5_28,预言家,,,,,,,,,,,,,,,
2675,5369.03,5370.86,1.83,因为我验的是查杀,5,28,5_28,预言家,,,,,,,,,,,,,,,
2676,5370.86,5372.7,1.84,你还是能够把我投出去,5,28,5_28,预言家,,,,,,,,,,,,,,,
2677,5372.7,5375.04,2.34,说明你的悍跳是非常成功的,5,28,5_28,预言家,,,,,,,,,,,,,,,
2678,5375.04,5376.06,1.02,那就这样吧,5,28,5_28,预言家,,,,,,,,,,,,,,,
2679,5376.06,5377.12,1.06,我先走了啊,5,28,5_28,预言家,,,,,,,,,,,,,,,
2680,5377.12,5377.78,0.66,就这样吧,5,28,5_28,预言家,,,,,,,,,,,,,,,
,,,,放逐信息,0,29,0_29,法官,,,,,,出局,,,,,,,,,
,,,,第二夜,0,,,,,,,,,,,,,,,,,,
2779,5557.36,5559.54,2.18,混人、刀人、救人、毒人，验人、开枪状态信息,0,29,0_29,法官,,吃刀,,,,,,毒11,可开枪,刀1,刀1,被毒、刀1,刀1,,
,,,,夜间信息,0,29,0_29,法官,,死亡,,,,,,,,,,死亡,,,
,,,,第二夜结束,0,,,,,,,,,,,,,,,,,,
2784,5570.59,5575.88,5.29,给七发查杀呀,8,30,8_30,猎人,,,,,,,,,,,,,,,
2785,5577.32,5578.72,1.4,那昨天应该没投错吧,8,30,8_30,猎人,,,,,,,,,,,,,,,
2786,5578.72,5581.18,2.46,因为十没有什么反票的理由啊,8,30,8_30,猎人,,,,,,,,,,,,,,,
2787,5581.18,5582.06,0.88,10号玩家,8,30,8_30,猎人,,,,,,,,,,,,,,,
2788,5582.06,5584.58,2.52,你昨天是坚定站边5号的,8,30,8_30,猎人,,,,,,,,,,,,,,,
2789,5584.58,5589.18,4.6,6号做5号同伴教你站边不可能对吧,8,30,8_30,猎人,,,,,,,,,,,,,,,
2790,5589.18,5591.18,2,所以十投完返票一定是狼,8,30,8_30,猎人,,,,,,,,,,,狼,,,,
2791,5591.18,5592.4,1.22,其实昨天我很想接票,8,30,8_30,猎人,,,,,,,,,,,,,,,
2792,5592.4,5592.66,0.26,十,8,30,8_30,猎人,,,,,,,,,,,,,,,
2793,5592.66,5593.22,0.56,你知道吧,8,30,8_30,猎人,,,,,,,,,,,,,,,
2794,5593.22,5595.559,2.339,但是我想想别分票了,8,30,8_30,猎人,,,,,,,,,,,,,,,
2795,5595.559,5597.299,1.74,我觉得结票十应该能截出去,8,30,8_30,猎人,,,,,,,,,,,,,,,
2796,5597.299,5601.48,4.181,但是嗯没事呗,8,30,8_30,猎人,,,,,,,,,,,,,,,
2797,5601.48,5606.5,5.02,你们现在反正三两刀两神,8,30,8_30,猎人,,,,,,,,,,,,,,,
2798,5606.5,5608.17,1.67,对不对,8,30,8_30,猎人,,,,,,,,,,,,,,,
2799,5608.69,5609.59,0.9,没啥吧,8,30,8_30,猎人,,,,,,,,,,,,,,,
2800,5609.59,5610.75,1.16,567,8,30,8_30,猎人,,,,,,,,,,,,,,,
2801,5610.75,5612.35,1.6,那你说狼是谁呢,8,30,8_30,猎人,,,,,,,,,,,,,,,
2802,5612.35,5614.53,2.18,假设站边九的话,8,30,8_30,猎人,,,,,,,,,,,,,,,
2803,5614.53,5620.11,5.58,567225677干嘛倒钩啊,8,30,8_30,猎人,,,,,,,,,,,,,,,
2804,5620.11,5621.89,1.78,第一天都进你第一警徽流了,8,30,8_30,猎人,,,,,,,,,,,,,,,
2805,5621.89,5622.97,1.08,你怀疑他倒钩,8,30,8_30,猎人,,,,,,,,,,,,,,,
2806,5622.97,5625.67,2.7,他给五头不是警徽没了吗,8,30,8_30,猎人,,,,,,,,,,,,,,,
2807,5625.67,5627.35,1.68,查杀七肯定不行,8,30,8_30,猎人,,,,,,,,,,,,,,,
2808,5627.35,5631.18,3.83,所以那就是九十十一十二对吧,8,30,8_30,猎人,,,,,,,,,,狼,狼,狼,狼,,
2809,5631.77,5633.61,1.84,那你们拍呗,8,30,8_30,猎人,,,,,,,,,,,,,,,
2810,5633.61,5634.53,0.92,应该是这样,8,30,8_30,猎人,,,,,,,,,,,,,,,
2811,5634.53,5635.77,1.24,没什么反转了,8,30,8_30,猎人,,,,,,,,,,,,,,,
2812,5635.77,5639.08,3.31,应该那就过了,8,30,8_30,猎人,,,,,,,,,,,,,,,
2814,5642.66,5645,2.34,我是好人哦,7,31,7_31,女巫,,,,,,,,,,,,,,,
2815,5645,5650.22,5.22,其实哎我其实pk台还是听发言可能有问题吧,7,31,7_31,女巫,,,,,,,,,,,,,,,
2816,5650.22,5652.32,2.1,我对桃子姐姐要求当时确实比较高,7,31,7_31,女巫,,,,,,,,,,,,,,,
2817,5652.32,5654.98,2.66,我很难跟5号玩家做狼同伴对吧,7,31,7_31,女巫,,,,,,,,,,,,,,,
2818,5654.98,5657.06,2.08,因为我是上票给9号的,7,31,7_31,女巫,,,,,,,,,,,,,,,
2819,5657.06,5658.78,1.72,然后我说5号玩家当时不像,7,31,7_31,女巫,,,,,,,,,,,,,,,
2820,5658.78,5660.44,1.66,是因为他3号二号禁言,7,31,7_31,女巫,,,,,,,,,,,,,,,
2821,5660.44,5663.22,2.78,就是我其实纠结了很长时间,7,31,7_31,女巫,,,,,,,,,,,,,,,
2822,5664.13,5668.11,3.98,如果因为桃子姐劫吃到这个警徽的话,7,31,7_31,女巫,,,,,,,,,,,,,,,
2823,5668.11,5670.58,2.47,我们是能够把11号投出去的,7,31,7_31,女巫,,,,,,,,,,,,,,,
2824,5670.58,5672.3,1.72,就可能差了这个警徽,7,31,7_31,女巫,,,,,,,,,,,,,,,
2825,5672.3,5674.3,2,因为因为当时四比六啊,7,31,7_31,女巫,,,,,,,,,,,,,,,
2826,5674.3,5675.42,1.12,我投警徽也是平票,7,31,7_31,女巫,,,,,,,,,,,,,,,
2827,5675.42,5679.3,3.88,但是至少可能能让好人多发一轮言,7,31,7_31,女巫,,,,,,,,,,,,,,,
2828,5682,5684.96,2.96,所以九十十一十二应该是这四个,7,31,7_31,女巫,,,,,,,,,,狼,狼,狼,狼,,
2829,5684.96,5687.4,2.44,而且我自己独立听八不是很像啦,7,31,7_31,女巫,,,,,,,,,不像狼,,,,,,
2830,5687.4,5689.819,2.419,我听三也不是很像啊,7,31,7_31,女巫,,,,,,,,,,,,,,,
2831,5689.819,5692.99,3.171,不然后2号三号七号八号,7,31,7_31,女巫,,,,,,,,,,,,,,,
2832,5692.99,5694.51,1.52,我们都不是狼的情况下,7,31,7_31,女巫,,,,,,,,,,,,,,,
2833,5694.51,5697.45,2.94,其实是肯定是五是预言家的,7,31,7_31,女巫,,,,,,预言家,,,,,,,,,
2834,5697.45,5700.47,3.02,就是我其实听到这边的时候啊,7,31,7_31,女巫,,,,,,,,,,,,,,,
2835,5700.47,5701.47,1,图图是什么鬼啊,7,31,7_31,女巫,,,,,,,,,,,,,,,
2836,5701.47,5705.01,3.54,图图图图是什么鬼哈哈,7,31,7_31,女巫,,,,,,,,,,,,,,,
2837,5705.01,5708.29,3.28,因为如果你让我就是我确定的狼是9号十号,7,31,7_31,女巫,,,,,,,,,,,,,,,
2838,5708.29,5710.91,2.62,11号让我在4号12号里面找狼呢,7,31,7_31,女巫,,,,,,,,,,,,,,,
2839,5710.91,5716.02,5.11,我很难去觉得12号是比4号玩家更像好人的,7,31,7_31,女巫,,,,,,,,,,,,,,,
2840,5716.02,5717.54,1.52,如果觉得12更像人的话,7,31,7_31,女巫,,,,,,,,,,,,,,,
2841,5717.54,5718.6,1.06,图图就是好人,7,31,7_31,女巫,,,,,,,,,,,,,,,
2842,5718.6,5720.37,1.77,其实我在想图图是什么,7,31,7_31,女巫,,,,,,,,,,,,,,,
2843,5720.37,5721.33,0.96,其他没有了,7,31,7_31,女巫,,,,,,,,,,,,,,,
2844,5721.33,5723.53,2.2,先投一下9号吧,7,31,7_31,女巫,,,,,,,,,,,,,,,
2845,5723.53,5726.98,3.45,反正他们能拍就拍呗,7,31,7_31,女巫,,,,,,,,,,,,,,,
2846,5726.98,5727.86,0.88,我过啦,7,31,7_31,女巫,,,,,,,,,,,,,,,
2848,5730.78,5732.66,1.88,谢谢小莫,6,32,6_32,平民,,,,,,,跳猎人,,,,,,,,
2849,5732.66,5734.14,1.48,谢谢猫鱼鱼的头饰,6,32,6_32,平民,,,,,,,,,,,,,,,
2850,5734.14,5735.02,0.88,他狼混呀,6,32,6_32,平民,,,,,,,,,,,,,,,
2851,5735.02,5736.74,1.72,他还能他不是上来就告诉我们,6,32,6_32,平民,,,,,,,,,,,,,,,
2852,5736.74,5737.78,1.04,他是狼混了吗,6,32,6_32,平民,,,,,,,,,,,,,,,
2853,5737.78,5739.66,1.88,他说因为9号是预言家,6,32,6_32,平民,,,,,,,,,,,,,,,
2854,5739.66,5740.62,0.96,所以他站边九,6,32,6_32,平民,,,,,,,,,,,,,,,
2855,5740.62,5741.38,0.76,他不能站边,6,32,6_32,平民,,,,,,,,,,,,,,,
2856,5741.38,5742.77,1.39,5号那边都说了,6,32,6_32,平民,,,,,,,,,,,,,,,
2857,5742.77,5745.53,2.76,他说9号这个号码跟跟跟他今天幸运号码,6,32,6_32,平民,,,,,,,,,,,,,,,
2858,5745.53,5746.65,1.12,他只能是混了9号,6,32,6_32,平民,,,,,,,,,,,,,,,
2859,5746.65,5748.69,2.04,他才能得出如此之单边的结论,6,32,6_32,平民,,,,,,,,,,,,,,,
2860,5748.69,5749.81,1.12,对吧,6,32,6_32,平民,,,,,,,,,,,,,,,
2861,5750.08,5752.12,2.04,嗯不混子没,6,32,6_32,平民,,,,,,,,,,,,,,,
2862,5752.12,5753.4,1.28,那我说了,6,32,6_32,平民,,,,,,,,,,,,,,,
2863,5753.4,5754.2,0.8,这劝不回来呀,6,32,6_32,平民,,,,,,,,,,,,,,,
2864,5754.2,5754.88,0.68,那你们拍了呗,6,32,6_32,平民,,,,,,,,,,,,,,,
2865,5754.88,5755.78,0.9,我是猎人啊,6,32,6_32,平民,,,,,,,,,,,,,,,
2866,5755.78,5758.84,3.06,过了4号玩家请发言,6,32,6_32,平民,,,,,,,,,,,,,,,
2867,5761.32,5763.12,1.8,9号玩家是狼啊,4,33,4_33,平民,,,,,,,,,,,,,,,
2868,5763.32,5765.4,2.08,9号有没有可能是狼混啊,4,33,4_33,平民,,,,,,,,,,,,,,,
2869,5765.4,5767.04,1.64,我我自己不是混啊,4,33,4_33,平民,,,,,,,,,,,,,,,
2870,5767.04,5767.72,0.68,我也我是混,4,33,4_33,平民,,,,,,,,,,,,,,,
2871,5767.72,5768.92,1.2,我也不可能这样给九冲,4,33,4_33,平民,,,,,,狼、狼混,,,,,,,,,
2872,5768.92,5769.629,0.709,对不对,4,33,4_33,平民,,,,,,,,,,,,,,,
2873,5769.629,5772.149,2.52,就是我觉得十呃是这样子的,4,33,4_33,平民,,,,,,,,,,,,,,,
2874,5772.149,5774.67,2.521,10号玩家他是一定不可能是狼混,4,33,4_33,平民,,,,,,,,,,,,,,,
2875,5774.67,5775.91,1.24,因为他警上的发言,4,33,4_33,平民,,,,,,,,,,,,,,,
2876,5775.91,5777.33,1.42,第一个发言是非常短的,4,33,4_33,平民,,,,,,,,,,,,,,,
2877,5777.33,5779.52,2.19,然后他是有编到票的,4,33,4_33,平民,,,,,,,,,,,,,,,
2878,5779.52,5780.36,0.84,能明白这意思吧,4,33,4_33,平民,,,,,,,,,,,,,,,
2879,5780.36,5781.36,1,我自己不是狼混,4,33,4_33,平民,,,,,,,,,,,,,,,
2880,5781.36,5784.06,2.7,我真的是因为九的发言肯定不是狼,4,33,4_33,平民,,,,,,,,,,,,,,,
2881,5784.06,5785.18,1.12,就不是纯种狼,4,33,4_33,平民,,,,,,,,,,,,,,,
2882,5785.18,5787.49,2.31,我站边的九就是这么简单,4,33,4_33,平民,,,,,,,,,,,,,,,
2883,5787.49,5788.49,1,一个原因,4,33,4_33,平民,,,,,,,,,,,,,,,
2884,5788.49,5790.59,2.1,10号玩家是一定是红狼,4,33,4_33,平民,,,,,,,,,,,狼,,,,
2885,5790.59,5791.53,0.94,这个是错不了的,4,33,4_33,平民,,,,,,,,,,,,,,,
2886,5791.53,5794.05,2.52,我觉得彭彭不能是好人吧,4,33,4_33,平民,,,,,,,,,,,,,,,
2887,5794.33,5796.79,2.46,真我真的还是很难接受朋友是好人啊,4,33,4_33,平民,,,,,,,,,,,,,,,
2888,5796.79,5798.43,1.64,真的是九十十一十二吗,4,33,4_33,平民,,,,,,,,,,,,,,,
2889,5798.43,5799.45,1.02,没有混呀,4,33,4_33,平民,,,,,,,,,,,,,,,
2890,5799.45,5800.77,1.32,七八这边不是混,4,33,4_33,平民,,,,,,,,,,,,,,,
2891,5800.77,5801.13,0.36,六,4,33,4_33,平民,,,,,,,,,,,,,,,
2892,5801.13,5801.93,0.8,也不是五,4,33,4_33,平民,,,,,,,,,,,,,,,
2893,5801.93,5802.47,0.54,是冤家,4,33,4_33,平民,,,,,,,,,,,,,,,
2894,5802.47,5803.29,0.82,三自己不是混,4,33,4_33,平民,,,,,,,,,,,,,,,
2895,5803.29,5804.17,0.88,一是白痴,4,33,4_33,平民,,,,,,,,,,,,,,,
2896,5804.17,5805.09,0.92,谁是混呢,4,33,4_33,平民,,,,,,,,,,,,,,,
2897,5806.33,5808.47,2.14,而且而且9号玩家,4,33,4_33,平民,,,,,,,,,,,,,,,
2898,5808.47,5810.17,1.7,而且10号玩家没有起跳,4,33,4_33,平民,,,,,,,,,,,,,,,
2899,5810.17,5812.71,2.54,他上来就很简单的把这个发言过了,4,33,4_33,平民,,,,,,,,,,,,,,,
2900,5812.71,5815.79,3.08,是不是晚上安排的是谁起跳呢,4,33,4_33,平民,,,,,,,,,,,,,,,
2901,5816.26,5820.41,4.15,2号12号有几个疑点啊,4,33,4_33,平民,,,,,,,,,,,,,,,
2902,5820.41,5822.25,1.84,首先我自己不是狼混对吧,4,33,4_33,平民,,,,,,,,,,,,,,,
2903,5822.25,5822.73,0.48,我是狼混,4,33,4_33,平民,,,,,,,,,,,,,,,
2904,5822.73,5824.23,1.5,就跟狼讨论谁是身份了吗,4,33,4_33,平民,,,,,,,,,,,,,,,
2905,5824.23,5826.69,2.46,其次是其次是2号玩家,4,33,4_33,平民,,,,,,,,,,,,,,,
2906,5826.69,5830.72,4.03,我我们对九的分歧是,4,33,4_33,平民,,,,,,,,,,,,,,,
2907,5830.72,5831.96,1.24,我觉得他一定不是狼,4,33,4_33,平民,,,,,,,,,,,,,,,
2908,5833,5834,1,所以我是站边他的,4,33,4_33,平民,,,,,,,,,,,,,,,
2909,5834,5836.52,2.52,你对九没有定义,4,33,4_33,平民,,,,,,,,,,,,,,,
2910,5836.81,5838.69,1.88,虽然你最后边站的是对的,4,33,4_33,平民,,,,,,,,,,,,,,,
2911,5838.69,5841.71,3.02,但是我很难接受2号玩家是纯种好人啊,4,33,4_33,平民,,,,,,,,,,,,,,,
2912,5841.71,5842.57,0.86,真的不能接受,4,33,4_33,平民,,,,,,,,,,,,,,,
2913,5842.57,5845.4,2.83,因为你其实两轮发言都什么都没说呀,4,33,4_33,平民,,,,,,,,,,,,,,,
2914,5845.4,5846.64,1.24,是要求太高了吗,4,33,4_33,平民,,,,,,,,,,,,,,,
2915,5846.64,5849.18,2.54,我觉得不是吧,4,33,4_33,平民,,,,,,,,,,,,,,,
2916,5849.94,5850.82,0.88,保险起见,4,33,4_33,平民,,,,,,,,,,,,,,,
2917,5850.82,5852.32,1.5,我觉得张扬肯定是狼,4,33,4_33,平民,,,,,,,,,,,,,,,
2918,5852.32,5854.46,2.14,可不可以先投张扬,4,33,4_33,平民,,,,,,,,,,,,,,,
2919,5855.05,5856.29,1.24,你们觉得呢,4,33,4_33,平民,,,,,,,,,,,,,,,
2920,5856.29,5859.05,2.76,因为张扬他最后改票投的五,4,33,4_33,平民,,,,,,,,,,,,,,,
2921,5859.05,5859.33,0.28,对不对,4,33,4_33,平民,,,,,,,,,,,,,,,
2922,5859.33,5860.43,1.1,他不可能是个混阳,4,33,4_33,平民,,,,,,,,,,,,,,,
2923,5860.43,5862.03,1.6,他也没有跳任何身份,4,33,4_33,平民,,,,,,,,,,,,,,,
2924,5862.03,5862.59,0.56,可以吧,4,33,4_33,平民,,,,,,,,,,,,,,,
2925,5862.59,5863.37,0.78,如果九也是狼,4,33,4_33,平民,,,,,,,,,,,,,,,
2926,5863.37,5863.91,0.54,十也是狼,4,33,4_33,平民,,,,,,,,,,,,,,,
2927,5863.91,5865.47,1.56,我这个也无所谓,4,33,4_33,平民,,,,,,,,,,,,,,,
2928,5865.47,5867.01,1.54,咱们也投不错,4,33,4_33,平民,,,,,,,,,,,,,,,
2929,5867.37,5868.69,1.32,因为我自己不是混,4,33,4_33,平民,,,,,,,,,,,,,,,
2930,5868.69,5869.17,0.48,对不对,4,33,4_33,平民,,,,,,,,,,,,,,,
2931,5869.17,5870.21,1.04,你们认为我是狼混,4,33,4_33,平民,,,,,,,,,,,,,,,
2932,5870.21,5870.97,0.76,那我站了个混子,4,33,4_33,平民,,,,,,,,,,,,,,,
2933,5870.97,5872.23,1.26,我自己不是啊,4,33,4_33,平民,,,,,,,,,,,,,,,
2934,5872.23,5872.85,0.62,对不对,4,33,4_33,平民,,,,,,,,,,,,,,,
2935,5872.85,5874.57,1.72,所以我有这个视角,4,33,4_33,平民,,,,,,,,,,,,,,,
2936,5878.14,5880.38,2.24,OK不投十行不行,4,33,4_33,平民,,,,,,,,,,,,,,,
2937,5881.45,5883.01,1.56,我我如果是狼混,4,33,4_33,平民,,,,,,,,,,,,,,,
2938,5883.01,5884.93,1.92,那外面都是狼对吧,4,33,4_33,平民,,,,,,,,,,,,,,,
2939,5884.93,5886.15,1.22,我是我是狼混,4,33,4_33,平民,,,,,,,,,,,,,,,
2940,5886.15,5887.43,1.28,那十是铁狼呀,4,33,4_33,平民,,,,,,,,,,,,,,,
2941,5887.43,5888.65,1.22,这个没有问题吧,4,33,4_33,平民,,,,,,,,,,,,,,,
2942,5888.65,5890.485,1.835,我是狼混十肯定是狼,4,33,4_33,平民,,,,,,,,,,,,,,,
2943,5890.54,5891.42,0.88,对我不能,4,33,4_33,平民,,,,,,,,,,,,,,,
2944,5891.42,5891.86,0.44,我是狼,4,33,4_33,平民,,,,,,,,,,,,,,,
2945,5891.86,5892.6,0.74,他是混嘛,4,33,4_33,平民,,,,,,,,,,,,,,,
2946,5892.6,5893.46,0.86,这不成立啊,4,33,4_33,平民,,,,,,,,,,,,,,,
2947,5893.46,5893.78,0.32,对不对,4,33,4_33,平民,,,,,,,,,,,,,,,
2948,5895.02,5895.56,0.54,我是狼,4,33,4_33,平民,,,,,,,,,,,,,,,
2949,5895.56,5898.41,2.85,我是给九纯冲的冲锋的,4,33,4_33,平民,,,,,,,,,,,,,,,
2950,5898.41,5900.13,1.72,狼是不是没有必要,4,33,4_33,平民,,,,,,,,,,,,,,,
2951,5900.13,5901.059,0.929,对不对,4,33,4_33,平民,,,,,,,,,,,,,,,
2952,5901.059,5902.899,1.84,投10OK不投十,4,33,4_33,平民,,,,,,,,,,,,,,,
2953,5902.899,5904.219,1.32,我们肯定是错不了,4,33,4_33,平民,,,,,,,,,,,,,,,
2954,5904.219,5905.879,1.66,就至少投的一定是狼,4,33,4_33,平民,,,,,,,,,,,,,,,
2955,5905.879,5906.259,0.38,对不对,4,33,4_33,平民,,,,,,,,,,,,,,,
2956,5906.259,5908.71,2.451,你回头再去弄大卫好吧,4,33,4_33,平民,,,,,,,,,,,,,,,
2958,5912.129,5914.529,2.4,嗯你应该是想分票是吧,3,34,3_34,平民,,,,,4像分票,,,,,,,,,,
2959,5914.529,5919.659,5.13,嗯我们反正我们这个23678,3,34,3_34,平民,,,,,,,,,,,,,,,
2960,5919.659,5921.43,1.771,我们是投9号的,3,34,3_34,平民,,,,,,,,,,,,,,,
2961,5921.43,5923.35,1.92,但一般劫票都以沉底,3,34,3_34,平民,,,,,,,,,,,,,,,
2962,5923.35,5924.71,1.36,最后一个好人定嘛对吧,3,34,3_34,平民,,,,,,,,,,,,,,,
2963,5924.71,5926.35,1.64,反正我目前订票投的是9号,3,34,3_34,平民,,,,,,,,,,,,,,,
2964,5926.35,5927.79,1.44,如果2号没有特别大的意义,3,34,3_34,平民,,,,,,,,,,,,,,,
2965,5927.79,5930.67,2.88,我们就投9号刀型出来,3,34,3_34,平民,,,,,,,,,,,,,,,
2966,5930.67,5931.95,1.28,肯定五是预言家呀,3,34,3_34,平民,,,,,,预言家,,,,,,,,,
2967,5931.95,5933.69,1.74,他们查杀的11号,3,34,3_34,平民,,,,,,,,,,,,,,,
2968,5933.69,5934.93,1.24,如果他们想赢,3,34,3_34,平民,,,,,,,,,,,,,,,
2969,5934.93,5936.57,1.64,只能赌女巫对吧,3,34,3_34,平民,,,,,,,,,,,,,,,
2970,5936.57,5938.85,2.28,把11号这个被他们查杀的平民牌毒掉,3,34,3_34,平民,,,,,,,,,,,,,,,
2971,5938.85,5940.85,2,他们肯定砍平民拍平民导演,3,34,3_34,平民,,,,,,,,,,,,,,,
2972,5940.85,5942.57,1.72,所以狼刀落一号对吧,3,34,3_34,平民,,,,,,,,,,,,,,,
2973,5942.57,5944.98,2.41,所以5号肯定是预言家牌,3,34,3_34,平民,,,,,,,,,,,,,,,
2974,5944.98,5946.74,1.76,是没有太多能聊的了,3,34,3_34,平民,,,,,,,,,,,,,,,
2975,5946.74,5949.02,2.28,而且10号他一如既往的变票了嘛对吧,3,34,3_34,平民,,,,,,,,,,,,,,,
2976,5949.02,5951.41,2.39,他们就听一下对吧,3,34,3_34,平民,,,,,,,,,,,,,,,
2977,5951.65,5954.27,2.62,就我们只要无非我们五个人不变票,3,34,3_34,平民,,,,,,,,,,,,,,,
2978,5954.27,5955.75,1.48,我们定定向投一个人,3,34,3_34,平民,,,,,,,,,,,,,,,
2979,5955.75,5957.34,1.59,只要能把这个人投出去,3,34,3_34,平民,,,,,,,,,,,,,,,
2980,5957.34,5959.5,2.16,他们也就开始商量了对吧,3,34,3_34,平民,,,,,,,,,,,,,,,
2981,5959.5,5962.06,2.56,无非就看有没有机会松动一下,3,34,3_34,平民,,,,,,,,,,,,,,,
2982,5962.06,5963.26,1.2,比如说你号票投十,3,34,3_34,平民,,,,,,,,,,,,,,,
2983,5963.26,5964.06,0.8,我这接应你,3,34,3_34,平民,,,,,,,,,,,,,,,
2984,5964.06,5965.15,1.09,我不接应你,3,34,3_34,平民,,,,,,,,,,,,,,,
2985,5965.15,5966.99,1.84,我们是坚决投9号的,3,34,3_34,平民,,,,,,,,,,,,,,,
2986,5966.99,5968.47,1.48,只要2号没有异议盖章,3,34,3_34,平民,,,,,,,,,,,,,,,
2987,5968.47,5969.83,1.36,我们就投9号,3,34,3_34,平民,,,,,,,,,,,,,,,
2988,5969.83,5971.63,1.8,其他的就没了好吧,3,34,3_34,平民,,,,,,,,,,,,,,,
2989,5971.63,5975.01,3.38,过2号玩家请发言,3,34,3_34,平民,,,,,,,,,,,,,,,
2990,5975.53,5977.73,2.2,投票肯定是投9号,2,35,2_35,混血儿,,,,,4想分票,,,,,,,,,,
2991,5977.73,5980.29,2.56,我也觉得4号应该是想分票吧,2,35,2_35,混血儿,,,,,,,,,,,,,,,
2992,5980.29,5981.91,1.62,或者四是那个狼,2,35,2_35,混血儿,,,,,,,,,,,,,,,
2993,5981.91,5984.01,2.1,十是那个好人想抗推你,2,35,2_35,混血儿,,,,,,,,,,,,,,,
2994,5984.01,5985.56,1.55,10号说好,2,35,2_35,混血儿,,,,,,,,,,,,,,,
2995,5985.56,5986.82,1.26,要不帮我们一起投9号,2,35,2_35,混血儿,,,,,,,,,,,,,,,
2996,5986.82,5987.6,0.78,劝你一下,2,35,2_35,混血儿,,,,,,,,,,,,,,,
2997,5987.6,5988.48,0.88,跟我们一起投九,2,35,2_35,混血儿,,,,,,,,,,,,,,,
2998,5988.48,5988.96,0.48,他是狼,2,35,2_35,混血儿,,,,,,,,,,,,,,,
2999,5988.96,5990.59,1.63,他扛了10号,2,35,2_35,混血儿,,,,,,,,,,,,,,,
3000,5990.95,5992.31,1.36,你你得他投你了,2,35,2_35,混血儿,,,,,,,,,,,,,,,
3001,5992.31,5993.69,1.38,你投一下9号没毛病吧,2,35,2_35,混血儿,,,,,,,,,,,,,,,
3002,5993.69,5994.63,0.94,没毛病啊哈,2,35,2_35,混血儿,,,,,,,,,,,,,,,
3003,5994.63,5996.41,1.78,说不定9号多好多票呢投上,2,35,2_35,混血儿,,,,,,,,,,,,,,,
3004,5996.41,5997.95,1.54,但我感觉九不会让我们投了,2,35,2_35,混血儿,,,,,,,,,,,,,,,
3005,5997.95,6000.34,2.39,有可能他们有可能要商量一下,2,35,2_35,混血儿,,,,,,,,,,,,,,,
3006,6000.34,6001.38,1.04,也不一定会让我们投,2,35,2_35,混血儿,,,,,,,,,,,,,,,
3007,6001.38,6003.64,2.26,所以我们订票肯定是投9号嘛,2,35,2_35,混血儿,,,,,,,,,,,,,,,
3008,6003.64,6006.04,2.4,七不可能是一边的话,2,35,2_35,混血儿,,,,,,,,,,,,,,,
3009,6006.04,6008.02,1.98,就是我觉得七不可能是那个老刀个狼,2,35,2_35,混血儿,,,,,,,,,,,,,,,
3010,6008.02,6008.46,0.44,对不对,2,35,2_35,混血儿,,,,,,,,,,,,,,,
3011,6008.46,6009.62,1.16,就他没有必要,2,35,2_35,混血儿,,,,,,,,,,,,,,,
3012,6009.62,6012.83,3.21,昨天说去就投那个票出来,2,35,2_35,混血儿,,,,,,,,,,,,,,,
3013,6012.83,6014.69,1.86,所以编应该就是没有站错了,2,35,2_35,混血儿,,,,,,,,,,,,,,,
3014,6014.69,6017.18,2.49,那我们就归下9号呗,2,35,2_35,混血儿,,,,,,,,,,归9,,,,,
3015,6017.58,6020.379,2.799,图图非说我是我好人呀,2,35,2_35,混血儿,,,,,,,,,,,,,,,
3016,6020.379,6022.059,1.68,我是我也没分清嘛,2,35,2_35,混血儿,,,,,,,,,,,,,,,
3017,6022.059,6023.299,1.24,我搁那两边晃呢,2,35,2_35,混血儿,,,,,,,,,,,,,,,
3018,6023.299,6026.32,3.021,我就是最后觉得诶6号说的挺有道理的对吧,2,35,2_35,混血儿,,,,,,,,,,,,,,,
3019,6026.32,6027.56,1.24,然后我觉得10号是狼,2,35,2_35,混血儿,,,,,,,,,,,,,,,
3020,6027.56,6029.72,2.16,也可是谁的狼队都可以嘛对吧,2,35,2_35,混血儿,,,,,,,,,,,,,,,
3021,6029.72,6030.56,0.84,就这样吧,2,35,2_35,混血儿,,,,,,,,,,,,,,,
